-- phpMyAdmin SQL Dump
-- version 4.9.2
-- https://www.phpmyadmin.net/
--
-- Host: 127.0.0.1:3306
-- Generation Time: Apr 25, 2023 at 12:28 AM
-- Server version: 8.0.18
-- PHP Version: 7.4.0

SET SQL_MODE = "NO_AUTO_VALUE_ON_ZERO";
SET AUTOCOMMIT = 0;
START TRANSACTION;
SET time_zone = "+00:00";


/*!40101 SET @OLD_CHARACTER_SET_CLIENT=@@CHARACTER_SET_CLIENT */;
/*!40101 SET @OLD_CHARACTER_SET_RESULTS=@@CHARACTER_SET_RESULTS */;
/*!40101 SET @OLD_COLLATION_CONNECTION=@@COLLATION_CONNECTION */;
/*!40101 SET NAMES utf8mb4 */;

--
-- Database: `halima`
--

-- --------------------------------------------------------

--
-- Table structure for table `box_selling`
--

DROP TABLE IF EXISTS `box_selling`;
CREATE TABLE IF NOT EXISTS `box_selling` (
  `B_ID` varchar(6) CHARACTER SET utf8 COLLATE utf8_general_ci DEFAULT NULL,
  `Status Type` varchar(8) DEFAULT NULL,
  `Percentage` int(11) DEFAULT NULL,
  `Company` varchar(10) DEFAULT NULL,
  `Model` int(11) DEFAULT NULL,
  `Behind Door` int(11) DEFAULT NULL,
  `Right Side` int(11) DEFAULT NULL,
  `Left Side` int(11) DEFAULT NULL,
  `Thickness` int(11) DEFAULT NULL,
  `Angle Type` varchar(8) DEFAULT NULL,
  `Frame Type` varchar(8) DEFAULT NULL,
  `Box Floor Type` varchar(5) DEFAULT NULL,
  `Chassis` varchar(5) DEFAULT NULL,
  `Location` varchar(22) DEFAULT NULL,
  `Height` int(11) DEFAULT NULL,
  `Width` int(11) DEFAULT NULL,
  `Length` int(11) DEFAULT NULL,
  `U_ID` varchar(20) CHARACTER SET utf8 COLLATE utf8_general_ci DEFAULT NULL,
  `Palamma Y or N` varchar(5) DEFAULT NULL,
  `Palamma Type` varchar(8) DEFAULT NULL,
  `Image` varchar(10) DEFAULT NULL,
  `Box name` varchar(14) DEFAULT NULL,
  `Notes` varchar(39) DEFAULT NULL,
  `Entry date` varchar(10) CHARACTER SET utf8 COLLATE utf8_general_ci DEFAULT NULL,
  `Buying Price` int(11) DEFAULT NULL,
  `Selling Price` int(11) DEFAULT NULL,
  `Color` varchar(4) DEFAULT NULL,
  `Type` varchar(5) DEFAULT NULL,
  `external date` varchar(10) DEFAULT NULL,
  `Pofit` int(11) DEFAULT NULL,
  `spending` float NOT NULL DEFAULT '0'
) ENGINE=MyISAM DEFAULT CHARSET=utf8;

--
-- Dumping data for table `box_selling`
--

INSERT INTO `box_selling` (`B_ID`, `Status Type`, `Percentage`, `Company`, `Model`, `Behind Door`, `Right Side`, `Left Side`, `Thickness`, `Angle Type`, `Frame Type`, `Box Floor Type`, `Chassis`, `Location`, `Height`, `Width`, `Length`, `U_ID`, `Palamma Y or N`, `Palamma Type`, `Image`, `Box name`, `Notes`, `Entry date`, `Buying Price`, `Selling Price`, `Color`, `Type`, `external date`, `Pofit`, `spending`) VALUES
('B0100', 'قديم', 80, 'دلتا فوم', 2018, 2, 1, 0, 10, 'ألومنيوم', 'ألومنيوم', 'فايبر', 'FALSE', '30.8889555, 31.4426582', 160, 170, 230, 'U0049', 'FALSE', NULL, NULL, 'دبابه', NULL, NULL, NULL, NULL, NULL, NULL, NULL, 0, 0),
('B0213', 'قديم', 80, 'تجميع', 2018, 2, 0, 0, 10, 'ألومنيوم', 'ستانليس', 'فايبر', 'FALSE', '30.888972, 31.4426335', 170, 170, 230, NULL, 'FALSE', NULL, NULL, 'دبابه', NULL, NULL, NULL, NULL, NULL, NULL, NULL, 0, 0),
('B0020', 'قديم', 60, 'ريفتراك', 2010, 2, 0, 0, 10, 'ألومنيوم', NULL, 'فايبر', 'FALSE', '30.888918, 31.4428774', 150, 168, 230, 'U0002', 'FALSE', NULL, NULL, 'دبابه', NULL, NULL, NULL, NULL, NULL, NULL, NULL, 0, 0),
('B0285', 'قديم', 80, 'كايرو فوم', 2018, 2, 1, 0, 10, 'ألومنيوم', 'ألومنيوم', 'فايبر', 'FALSE', '30.8890181, 31.4425307', 160, 170, 230, 'U0081', 'FALSE', NULL, NULL, 'دبابه', NULL, NULL, NULL, NULL, NULL, NULL, NULL, 0, 0),
('B0142', 'قديم', 70, 'آيس ماك', 2018, 2, 1, 0, 10, 'ألومنيوم', 'ألومنيوم', 'فايبر', 'FALSE', '30.8892567, 31.4430165', 150, 170, 230, NULL, 'FALSE', NULL, NULL, 'دبابه', NULL, NULL, NULL, NULL, NULL, NULL, NULL, 0, 0),
('B0228', 'قديم', 75, 'ريفتراك', 2017, 2, 1, 0, 10, 'ألومنيوم', NULL, 'فايبر', 'TRUE', '30.8888445, 31.4425886', 230, 225, 440, NULL, 'FALSE', NULL, NULL, 'جامبو', NULL, NULL, NULL, NULL, NULL, NULL, NULL, 0, 0),
('B0214', 'قديم', 80, 'IBC', 2018, 2, 1, 0, 10, 'ألومنيوم', 'ستانليس', 'فايبر', 'FALSE', '30.8890422, 31.4426551', 210, 210, 440, NULL, 'FALSE', NULL, NULL, 'جامبو', NULL, NULL, NULL, NULL, NULL, NULL, NULL, 0, 0),
('B0281', 'قديم', 75, 'كايرو فوم', 2015, 2, 0, 0, 10, 'ألومنيوم', 'ألومنيوم', 'فايبر', 'FALSE', '30.8888648, 31.4431162', 200, 210, 440, NULL, 'FALSE', NULL, NULL, 'جامبو', 'طبلية شركة', NULL, NULL, NULL, NULL, NULL, NULL, 0, 0),
('B0216', 'قديم', 80, 'ريفتراك', 2018, 2, 1, 0, 10, 'ألومنيوم', NULL, 'فايبر', 'TRUE', '30.8892083, 31.4425867', 210, 225, 440, NULL, 'FALSE', NULL, NULL, 'جامبو', NULL, NULL, NULL, NULL, NULL, NULL, NULL, 0, 0),
('B0219', 'قديم', 80, 'ريفتراك', 2018, 2, 1, 0, 10, 'ألومنيوم', NULL, 'فايبر', 'TRUE', '30.8889637, 31.4426267', 200, 220, 440, 'U0078', 'FALSE', NULL, NULL, 'جامبو', NULL, NULL, NULL, NULL, NULL, NULL, NULL, 0, 0),
('B0108', 'قديم', 85, 'ريفتراك', 2020, 2, 1, 1, 10, 'ألومنيوم', NULL, 'فايبر', 'FALSE', '30.8889856, 31.4426629', 220, 220, 440, NULL, 'FALSE', NULL, NULL, 'جامبو', NULL, NULL, NULL, NULL, NULL, NULL, NULL, 0, 0),
('B0143', 'قديم', 90, 'تجميع', 2018, 0, 1, 0, 10, 'ألومنيوم', NULL, 'فايبر', 'FALSE', '30.8891815, 31.4426224', 120, 120, 175, NULL, 'FALSE', NULL, NULL, 'تروسيكل', NULL, NULL, NULL, NULL, NULL, NULL, '2023-03-15', 0, 0),
('B0198', 'قديم', 90, 'دلتا فوم', 2020, 2, 0, 0, 10, 'ألومنيوم', 'ألومنيوم', 'فايبر', 'FALSE', '30.8892325, 31.442891', 160, 170, 230, NULL, 'FALSE', NULL, NULL, 'دبابه', NULL, NULL, NULL, NULL, NULL, NULL, '2023-03-16', 0, 0),
('B0233', 'جديد', 100, 'دلتا فوم', 2020, 2, 0, 0, 5, 'ألومنيوم', 'ألومنيوم', 'فايبر', 'FALSE', '30.8887991, 31.4426432', 160, 170, 230, NULL, 'FALSE', NULL, NULL, 'دبابه', NULL, NULL, NULL, NULL, NULL, NULL, '2023-03-16', 0, 0),
('B0072', 'كسر زيرو', 95, 'ريفتراك', 2021, 2, 1, 0, 10, 'ألومنيوم', NULL, 'فايبر', 'TRUE', '30.8889477, 31.4426518', 150, 170, 230, 'U0021', 'FALSE', NULL, NULL, 'دبابه', NULL, NULL, 8500, 12000, NULL, NULL, NULL, 3500, 0),
('B0300', 'كسر زيرو', 95, 'ريفتراك', 2022, 2, 1, 0, 10, 'ألومنيوم', NULL, 'فايبر', 'TRUE', '30.8889462, 31.4426403', 230, 225, 440, NULL, 'FALSE', NULL, NULL, 'جامبو', NULL, NULL, 9000, 9000, NULL, NULL, '2023-03-18', 0, 0),
('B0187', 'كرفان', 70, 'IBC', 2015, 1, 1, 0, 10, 'ألومنيوم', NULL, 'فايبر', 'FALSE', '30.8894413, 31.4429195', 160, 170, 230, NULL, 'TRUE', 'تجميع', NULL, 'دبابه', NULL, NULL, 900, 1350, NULL, NULL, '2023-03-18', 450, 0),
('B0066', 'مستعمل', 85, 'دلتا فوم', 2014, 2, 0, 0, 10, 'ألومنيوم', 'ألومنيوم', 'فايبر', 'FALSE', '30.8889464, 31.4426484', 160, 170, 230, NULL, 'TRUE', 'تجميع', NULL, 'دبابه', NULL, NULL, 2300, 3200, NULL, NULL, '2023-03-20', 900, 0),
('B0303', 'كسر زيرو', 95, 'ريفتراك', 2022, 2, 1, 0, 10, 'ألومنيوم', NULL, 'فايبر', 'FALSE', '30.8889779, 31.4427056', 150, 174, 230, NULL, 'TRUE', 'ريفتراك', NULL, 'دبابه', NULL, NULL, 5300, NULL, NULL, NULL, '2023-03-20', NULL, 0),
('B0297', 'مستعمل', 75, 'دلتا فوم', 2018, 2, 1, 0, 10, 'ألومنيوم', 'ألومنيوم', 'فايبر', 'FALSE', '30.8891006, 31.4423926', 160, 170, 230, 'U0099', 'FALSE', NULL, NULL, 'دبابه', NULL, NULL, NULL, NULL, NULL, NULL, '2023-03-21', 0, 0),
('B0071', 'زيرو', 100, 'دلتا فوم', 2023, 2, 0, 0, 10, 'ألومنيوم', 'ألومنيوم', 'فايبر', 'FALSE', '30.8889547, 31.4426758', 160, 170, 230, NULL, 'FALSE', NULL, NULL, 'دبابه', NULL, NULL, 3200, 4800, NULL, NULL, '2023-03-22', 1600, 0),
('B0069', 'زيرو', 100, 'دلتا فوم', 2023, 2, 0, 0, 10, 'ألومنيوم', 'ألومنيوم', 'فايبر', 'FALSE', '30.888952, 31.4426435', 160, 170, 230, NULL, 'FALSE', NULL, NULL, 'دبابه', NULL, NULL, 3000, 4800, NULL, NULL, '2023-03-22', 1800, 0),
('B0001', 'مستعمل', 80, 'دلتا فوم', 2018, 2, 1, 0, 10, 'ألومنيوم', 'ألومنيوم', 'فايبر', 'FALSE', '30.8893071, 31.4427914', 160, 170, 230, NULL, 'TRUE', 'تجميع', NULL, 'دبابه', NULL, NULL, 2850, 3500, NULL, NULL, '2023-03-25', 650, 0),
('B0179', 'كسر زيرو', 90, 'دلتا فوم', 2018, 2, 1, 0, 10, 'ألومنيوم', 'ألومنيوم', 'فايبر', 'FALSE', '30.8891398, 31.4427142', 160, 170, 230, NULL, 'TRUE', 'تجميع', NULL, 'دبابه', NULL, NULL, 2900, 3500, NULL, NULL, '2023-03-25', 600, 0),
('B0251', 'كرفان', 70, 'IBC', 2010, 2, 1, 0, 10, 'ألومنيوم', 'ألومنيوم', 'فايبر', 'FALSE', '30.8893967, 31.443135', 210, 225, 550, NULL, 'FALSE', NULL, NULL, 'جامبو', 'طبلية مكردنه', NULL, 1300, 1800, NULL, NULL, '2023-03-25', 500, 0),
('B0111', 'مستعمل', 85, 'مصر بانل', 2018, 0, 2, 2, 10, 'ألومنيوم', NULL, 'فايبر', 'FALSE', '30.8890001, 31.442801', 210, 210, 440, 'U0051', 'FALSE', NULL, NULL, 'جامبو _باليتات', NULL, NULL, 4000, 7500, NULL, NULL, '2023-03-25', 3500, 0),
('B0018', 'مستعمل', 80, 'ريفتراك', 2010, 2, 1, 1, 10, 'فايبر', NULL, 'فايبر', 'FALSE', '30.8889227, 31.4426002', 150, 165, 230, NULL, 'FALSE', NULL, NULL, 'دبابه', NULL, NULL, 2400, 2700, NULL, NULL, '28-3-2023', 300, 0),
('B0239', 'مستعمل', 85, 'مصر كول', 2017, 2, 1, 0, 10, 'ألومنيوم', NULL, 'فايبر', 'TRUE', '30.8886743, 31.4431943', 190, 190, 310, NULL, 'FALSE', NULL, NULL, 'تلت', NULL, NULL, 1700, 2700, NULL, NULL, '29-3-2023', 1000, 0),
('B0153', 'كسر زيرو', 90, 'ريفتراك', 2018, 2, 1, 0, 10, 'ألومنيوم', NULL, 'فايبر', 'FALSE', '30.8891428, 31.4423573', 150, 170, 230, 'U0069', 'FALSE', NULL, NULL, 'دبابه', NULL, NULL, 4400, 5200, NULL, NULL, '29-3-2023', 800, 0),
('B0197', 'مستعمل', 85, 'العالمية', 2020, 2, 0, 0, 10, 'ألومنيوم', 'ألومنيوم', 'فايبر', 'FALSE', '30.8891176, 31.442397', 160, 170, 230, NULL, 'TRUE', 'العالمية', NULL, 'دبابه', NULL, NULL, 3000, 3600, NULL, NULL, '1-4-2023', 600, 0),
('B0306', 'كسر زيرو', 90, 'ريفتراك', 2023, 2, 1, 0, 10, 'ألومنيوم', NULL, 'فايبر', 'TRUE', '30.888722, 31.4433401', 200, 225, 440, NULL, 'TRUE', 'ريفتراك', NULL, 'جامبو', NULL, NULL, 9000, 11900, NULL, NULL, '1-4-2023', 2900, 0),
('B0295', 'مستعمل', 85, 'ريفتراك', 2020, 2, 1, 0, 10, 'ألومنيوم', NULL, 'فايبر', 'FALSE', '30.8884044, 31.4435439', 160, 170, 230, 'U0116', 'TRUE', 'تجميع', NULL, 'دبابه', NULL, NULL, 6000, 10500, NULL, NULL, '1-4-2023', 4500, 0),
('B0002', 'مستعمل', 80, 'دلتا فوم', 2018, 2, 1, 0, 10, 'ألومنيوم', 'ألومنيوم', 'فايبر', 'FALSE', '30.889435, 31.44287', 160, 170, 230, NULL, 'TRUE', 'تجميع', NULL, 'دبابه', NULL, NULL, 2850, 3900, NULL, NULL, '2-4-2023', 1050, 0),
('B0208', 'مستعمل', 80, 'ريفتراك', 2018, 2, 1, 0, 10, 'ألومنيوم', NULL, 'فايبر', 'FALSE', '30.8890244, 31.4426683', 210, 220, 440, NULL, 'FALSE', NULL, NULL, 'جامبو', NULL, NULL, 4500, 9300, NULL, NULL, NULL, 4800, 0),
('B0047', 'زيرو', 100, 'دلتا فوم', 2023, 2, 1, 0, 10, 'ألومنيوم', 'ألومنيوم', 'فايبر', 'FALSE', '30.8888174, 31.4426249', 160, 170, 230, NULL, 'FALSE', NULL, NULL, 'دبابه', NULL, NULL, 4700, 5400, NULL, NULL, NULL, 700, 0),
('B0164', 'مستعمل', 85, 'تجميع', 2018, 2, 0, 0, 10, 'ألومنيوم', NULL, 'فايبر', 'FALSE', '30.8894102, 31.4429814', 160, 170, 230, NULL, 'FALSE', NULL, NULL, 'دبابه', NULL, NULL, 2500, 2700, NULL, NULL, '10-4-2023', 200, 0),
('IB0010', 'مستعمل', 75, 'السنبلاوين', 2013, 2, 1, 0, NULL, NULL, NULL, NULL, NULL, '30.8884341, 31.4429664', 150, NULL, NULL, NULL, NULL, NULL, NULL, 'دبابه', '2013-2014 معدل', '2023-03-15', 800, 1200, 'أبيض', 'مغلق', '20-3-2023', 400, 0),
('IB0009', 'مستعمل', 85, 'السنبلاوين', 2020, 2, 1, 0, NULL, NULL, NULL, NULL, NULL, '30.888515, 31.4429714', 170, NULL, NULL, NULL, NULL, NULL, NULL, 'دبابه', NULL, '2023-03-15', 1200, 1800, 'أبيض', 'مغلق', '2023-03-22', 600, 0),
('IB0081', 'مستعمل', 75, 'منصور', 2013, NULL, 0, 0, NULL, NULL, NULL, NULL, NULL, '30.8886287, 31.4431091', NULL, NULL, NULL, NULL, NULL, NULL, NULL, 'دبابه', NULL, '2023-03-22', 500, 800, 'أبيض', 'مفتوح', '2023-03-27', 300, 0),
('IB0078', 'مستعمل', 85, 'منصور', 2014, NULL, 0, 0, NULL, NULL, NULL, NULL, NULL, '30.8891751, 31.4431241', NULL, NULL, NULL, NULL, NULL, NULL, NULL, 'دبابه', NULL, '2023-03-20', 250, 250, 'أخضر', 'مفتوح', '2023-03-29', 0, 0),
('IB0001', 'الزيرو', 100, 'دكرنس', 2023, 2, 1, 0, NULL, NULL, NULL, NULL, NULL, '30.8885378, 31.442882', 170, NULL, NULL, NULL, NULL, NULL, NULL, NULL, NULL, '2023-03-15', 2100, 2600, 'أحمر', 'مغلق', '30-3-2023', 500, 0),
('IB0035', 'مستعمل', 80, 'الطحان', 2014, 2, 0, 0, NULL, NULL, NULL, NULL, NULL, '30.8887333, 31.443245', 185, NULL, NULL, NULL, NULL, NULL, NULL, 'جامبو', 'مصرى', '2023-03-16', 1300, 3000, 'أبيض', 'مغلق', '1-4-2023', 1700, 0),
('IB0056', 'كسر زيرو', 90, 'منصور', 2014, NULL, 0, 0, NULL, NULL, NULL, NULL, NULL, '30.889235, 31.4432367', NULL, NULL, NULL, NULL, NULL, NULL, NULL, 'دبابه', NULL, '2023-03-16', 400, 500, 'أبيض', 'مفتوح', '2-4-2023', 100, 0),
('IB0086', 'مستعمل', 85, 'السنبلاوين', 2013, 2, 1, 0, NULL, NULL, NULL, NULL, NULL, '30.8884341, 31.4429664', 150, NULL, NULL, NULL, NULL, NULL, NULL, 'دبابه', '2013-2014 معدل -تبع زبون هوا هوا IB0010', '2023-03-15', 800, 0, 'أبيض', 'مغلق', '2-4-2023', -800, 0),
('IB0003', 'الزيرو', 100, 'دكرنس', 2023, 2, 1, 0, NULL, NULL, NULL, NULL, NULL, '30.8886842, 31.4430625', 170, NULL, NULL, NULL, NULL, NULL, NULL, NULL, NULL, '2023-03-15', 1950, 2400, 'أحمر', 'مغلق', '8-4-2023', 450, 0),
('IB0069', 'كرفان', 60, 'تلت', 2010, NULL, 0, 0, NULL, NULL, NULL, NULL, NULL, '30.8892633, 31.4433733', NULL, NULL, NULL, NULL, NULL, NULL, NULL, 'تلت', 'السيد راشد', '2023-03-16', 0, 0, 'أبيض', 'مفتوح', '3-4-2023', 0, 0);

-- --------------------------------------------------------

--
-- Table structure for table `calculate`
--

DROP TABLE IF EXISTS `calculate`;
CREATE TABLE IF NOT EXISTS `calculate` (
  `id` int(11) NOT NULL AUTO_INCREMENT,
  `date` date NOT NULL,
  `still` float NOT NULL,
  `incoming` float NOT NULL DEFAULT '0',
  `outgoing` float NOT NULL DEFAULT '0',
  `report` varchar(200) NOT NULL,
  `notes` varchar(100) CHARACTER SET utf8mb4 COLLATE utf8mb4_0900_ai_ci DEFAULT NULL,
  `B_ID` varchar(50) CHARACTER SET utf8mb4 COLLATE utf8mb4_0900_ai_ci DEFAULT NULL,
  `U_ID` varchar(50) CHARACTER SET utf8mb4 COLLATE utf8mb4_0900_ai_ci DEFAULT NULL,
  PRIMARY KEY (`id`)
) ENGINE=MyISAM AUTO_INCREMENT=4 DEFAULT CHARSET=utf8mb4 COLLATE=utf8mb4_0900_ai_ci;

--
-- Dumping data for table `calculate`
--

INSERT INTO `calculate` (`id`, `date`, `still`, `incoming`, `outgoing`, `report`, `notes`, `B_ID`, `U_ID`) VALUES
(1, '2023-04-20', 5000, 0, 0, '', '', '', ''),
(2, '2023-04-19', 7000, 2000, 0, 'وارد بيع صندوق B0170       ', 'NULL', 'B0170', 'NULL'),
(3, '2023-04-20', 6000, 0, 1000, 'لزوم سلك وصابون', '', 'B0171', '');

-- --------------------------------------------------------

--
-- Table structure for table `customers_`
--

DROP TABLE IF EXISTS `customers_`;
CREATE TABLE IF NOT EXISTS `customers_` (
  `C_phone` varchar(11) DEFAULT NULL,
  `name` varchar(30) DEFAULT NULL,
  `email` varchar(10) DEFAULT NULL,
  `address` varchar(25) DEFAULT NULL
) ENGINE=MyISAM DEFAULT CHARSET=utf8;

--
-- Dumping data for table `customers_`
--

INSERT INTO `customers_` (`C_phone`, `name`, `email`, `address`) VALUES
('01033588000', 'على إبراهيم محمد', NULL, NULL),
('01146632175', 'إسلام محمد مشرف', NULL, 'القناطر'),
('01011189363', 'تامر حسين', NULL, 'نوب طريف-السنبلاوين'),
('01201888855', 'يحيي خالد فليفل', NULL, 'كوبرى الزيات-الغربية'),
('01001734440', 'عمار عبدالله', NULL, 'فارسكور-دمياط'),
('01013211059', 'محمد هشام مصطفى', NULL, 'أبو كبير-الشرقية'),
('01014437447', 'محمد فرج حلمى', NULL, 'البوافريك-برج النور'),
('01115811170', 'مسعود مهران', NULL, 'أسيوط-مقيم في القاهرة'),
('01063634452', 'خالد ذكى', NULL, 'شبين الكوم-المنوفية'),
('01111201677', 'شعبان حسن', NULL, 'طما-سوهاج'),
('01001118418', 'شركة الزين', NULL, 'قنا'),
('01090669640', 'عبدالله عبدالجواد - شركة الفتح', NULL, 'المنصورة'),
('01154499157', 'محمد عنتر', NULL, 'سوهاج'),
('01118640200', 'محمود محمد مصطفى العمده', NULL, 'أسيوط'),
('01094978786', 'عادل محمد الموافى', NULL, 'كافور العرب-طلخا'),
('01153878783', 'عماد توفيق', NULL, 'الأقصر_دانون'),
('01065520603', 'الفخرانى', NULL, 'أجا'),
('01019901979', 'مصطفى إبراهيم', NULL, 'القاهره'),
('01024354781', 'محمد فتحى', NULL, 'طنطا'),
('01227234026', 'محمد أبو سمره', NULL, 'إسكندريه'),
('01026294083', 'محمود عزت', NULL, 'صهرجت الصغرى-أجا-الدقهلية'),
('01016584603', 'أيمن العفيفي', NULL, 'منية سمنود'),
('01098044410', 'السيد محمود إسماعيل', NULL, 'إسماعليه'),
('01111122066', 'عبد العزيز شحاته', NULL, 'السنبلاوين'),
('01010970482', 'الحاج/ على', NULL, 'ابن سلام - السنبلاوين'),
('01015671370', 'أحمد العشرى', NULL, 'كفر الشيخ'),
('01001212512', 'السيد أحمد السيد البطش', NULL, 'مرسي مطروح'),
('01002736304', 'سليمان أبو محمد', NULL, 'أبو حماد-شرقيه'),
('01141768670', 'حماده الأمين', NULL, 'ديرب نجم-شرقيه'),
('01010079169', 'وزيرى قنا', NULL, 'قنا'),
('01015135856', 'محمود عزت', NULL, 'صهرجت الصغرى-أجا-الدقهلية'),
('01200069726', 'عماد نجيب', NULL, 'القاهرة'),
('01271463975', 'أشرف بنى سويف', NULL, 'بنى سويف'),
('01227298666', 'حسن السيد حسن', NULL, 'بورسعيد'),
('01007194817', 'محمود أحمد', NULL, 'المعادي _القاهره'),
('01004884920', 'محمد عاطف', NULL, 'بورسعيد'),
('01015135856', 'محمود عزت', NULL, 'صهرجت الصغرى-أجا-الدقهليه'),
('01144021406', 'وليد محمد', NULL, 'الرمايه-القاهرة'),
('01026029991', 'محمود الزعترى', NULL, 'دمياط'),
('01094818119', 'محمد حامد سليم', NULL, 'ديرب نجم'),
('01066561097', 'أحمد عصام ــ شركة بينو', NULL, 'المنصوره');

-- --------------------------------------------------------

--
-- Table structure for table `employee`
--

DROP TABLE IF EXISTS `employee`;
CREATE TABLE IF NOT EXISTS `employee` (
  `operator_num` int(11) NOT NULL AUTO_INCREMENT,
  `E_ID` int(11) NOT NULL,
  `day` varchar(50) NOT NULL,
  `name` varchar(100) NOT NULL,
  `date` date NOT NULL,
  `date_time` datetime NOT NULL,
  `monthly` float NOT NULL DEFAULT '0',
  `weekly` float NOT NULL DEFAULT '0',
  `daily` float NOT NULL DEFAULT '0',
  `piece` float NOT NULL DEFAULT '0',
  `bonus` float NOT NULL DEFAULT '0',
  `evening` double NOT NULL DEFAULT '0',
  `discount` float NOT NULL DEFAULT '0',
  `borrow` float NOT NULL DEFAULT '0',
  `receive_salary` float NOT NULL DEFAULT '0',
  `total_salary` float NOT NULL,
  `notes` varchar(500) DEFAULT NULL,
  UNIQUE KEY `operator_num` (`operator_num`)
) ENGINE=MyISAM AUTO_INCREMENT=103 DEFAULT CHARSET=utf8mb4 COLLATE=utf8mb4_0900_ai_ci;

--
-- Dumping data for table `employee`
--

INSERT INTO `employee` (`operator_num`, `E_ID`, `day`, `name`, `date`, `date_time`, `monthly`, `weekly`, `daily`, `piece`, `bonus`, `evening`, `discount`, `borrow`, `receive_salary`, `total_salary`, `notes`) VALUES
(1, 4, 'الأحد', 'أحمد خليل', '2023-04-09', '2023-04-09 10:00:00', 0, 600, 0, 0, 0, 0, 0, 0, 0, 0, NULL),
(2, 3, 'الأحد', 'مصطفى', '2023-04-09', '2023-04-09 10:00:00', 0, 700, 0, 0, 0, 0, 0, 0, 0, 0, NULL),
(3, 2, 'الأحد', 'عاطف', '2023-04-09', '2023-04-09 09:45:00', 0, 1100, 0, 0, 0, 0, 0, 0, 0, 0, NULL),
(4, 1, 'الأحد', 'عم_ياسر', '2023-04-09', '2023-04-09 09:00:00', 0, 1400, 0, 0, 0, 0, 0, 0, 0, 0, NULL),
(5, 6, 'الأحد', 'إبراهيم يوسف', '2023-04-09', '2023-04-09 09:00:00', 0, 500, 0, 0, 0, 0, 0, 0, 0, 0, NULL),
(6, 9, 'الأحد', 'رمضان', '2023-04-09', '2023-04-09 10:00:00', 0, 0, 0, 0, 0, 0, 0, 0, 0, 0, NULL),
(7, 11, 'الأحد', 'أحمد صقر', '2023-04-09', '2023-04-09 12:00:00', 3500, 0, 0, 0, 0, 0, 0, 0, 0, 0, NULL),
(8, 2, 'السبت', 'عاطف', '2023-04-08', '2023-04-08 10:30:00', 0, 1100, 0, 0, 0, 0, 91.67, 0, 0, 0, 'خصم نص يوم'),
(9, 3, 'السبت', 'مصطفى', '2023-04-08', '2023-04-08 10:35:00', 0, 700, 0, 0, 0, 0, 0, 0, 0, 0, NULL),
(10, 6, 'السبت', 'إبراهيم يوسف', '2023-04-08', '2023-04-08 09:30:00', 0, 500, 0, 0, 0, 0, 0, 50, 0, 0, 'سلفه'),
(11, 7, 'السبت', 'عم_السيد', '2023-04-08', '2023-04-08 17:45:00', 0, 600, 0, 0, 0, 0, 0, 0, 0, 0, NULL),
(12, 8, 'السبت', 'السيد عبده', '2023-04-08', '2023-04-08 09:00:00', 0, 0, 0, 0, 0, 0, 0, 0, 200, 0, 'تحت حساب الصندوقB0166'),
(13, 9, 'السبت', 'رمضان', '2023-04-08', '2023-04-08 11:00:00', 0, 0, 0, 0, 0, 0, 0, 0, 1000, 0, 'تحت حساب الصندوقB0260'),
(14, 11, 'السبت', 'أحمد صقر', '2023-04-08', '2023-04-08 12:00:00', 3500, 0, 0, 0, 0, 0, 0, 0, 0, 0, NULL),
(15, 1, 'الإثنين', 'عم_ياسر', '2023-04-10', '2023-04-10 09:15:00', 0, 1400, 0, 0, 0, 0, 0, 200, 0, 0, NULL),
(16, 2, 'الإثنين', 'عاطف', '2023-04-10', '2023-04-10 09:30:00', 0, 1100, 0, 0, 0, 0, 91.67, 0, 0, 0, 'خصم نص يوم'),
(17, 3, 'الإثنين', 'مصطفى', '2023-04-10', '2023-04-10 10:00:00', 0, 700, 0, 0, 0, 0, 58.333, 0, 0, 0, 'خصم نص يوم'),
(18, 4, 'الإثنين', 'أحمد خليل', '2023-04-10', '2023-04-10 10:00:00', 0, 600, 0, 0, 0, 0, 50, 0, 0, 0, 'خصم نص يوم'),
(19, 7, 'الأحد', 'عم_السيد', '2023-04-09', '2023-04-09 17:45:00', 0, 600, 0, 0, 0, 0, 0, 0, 0, 0, NULL),
(20, 9, 'الإثنين', 'رمضان', '2023-04-10', '2023-04-10 10:00:00', 0, 0, 0, 0, 0, 0, 0, 0, 0, 0, NULL),
(21, 11, 'الإثنين', 'أحمد صقر', '2023-04-10', '2023-04-10 12:00:00', 3500, 0, 0, 0, 0, 0, 0, 0, 0, 0, NULL),
(22, 8, 'الجمعه', 'عم_السيد', '2023-04-07', '2023-04-07 17:45:00', 0, 600, 0, 0, 0, 0, 0, 0, 0, 0, NULL),
(23, 1, 'الثلاثاء', 'عم_ياسر', '2023-04-11', '2023-04-11 09:00:00', 0, 1400, 0, 0, 0, 0, 0, 0, 0, 0, NULL),
(24, 2, 'الثلاثاء', 'عاطف', '2023-04-11', '2023-04-11 09:15:00', 0, 1100, 0, 0, 0, 0, 0, 0, 0, 0, NULL),
(25, 3, 'الثلاثاء', 'مصطفى', '2023-04-11', '2023-04-11 09:15:00', 0, 700, 0, 0, 0, 0, 0, 0, 0, 0, NULL),
(26, 4, 'الثلاثاء', 'أحمد خليل', '2023-04-11', '2023-04-11 09:15:00', 0, 600, 0, 0, 0, 0, 0, 20, 0, 0, 'سلفه'),
(27, 9, 'الثلاثاء', 'رمضان', '2023-04-11', '2023-04-11 10:00:00', 0, 0, 0, 0, 0, 0, 0, 0, 0, 0, NULL),
(28, 11, 'الثلاثاء', 'أحمد صقر', '2023-04-11', '2023-04-11 12:00:00', 3500, 0, 0, 0, 0, 0, 0, 0, 0, 0, NULL),
(29, 7, 'الإثنين', 'عم_السيد', '2023-04-10', '2023-04-10 17:45:00', 0, 600, 0, 0, 0, 0, 0, 0, 0, 0, NULL),
(30, 2, 'الخميس', 'عاطف', '2023-04-13', '2023-04-13 09:30:00', 0, 1100, 0, 0, 0, 0, 0, 0, 915, 0, NULL),
(31, 1, 'الخميس', 'عم_ياسر', '2023-04-13', '2023-04-13 09:30:00', 0, 1400, 0, 0, 0, 0, 0, 0, 750, 0, NULL),
(32, 3, 'الخميس', 'مصطفى', '2023-04-13', '2023-04-13 09:30:00', 0, 700, 0, 0, 0, 0, 0, 0, 650, 0, NULL),
(33, 4, 'الخميس', 'أحمد خليل', '2023-04-13', '2023-04-13 09:30:00', 0, 600, 0, 0, 0, 0, 0, 0, 430, 0, NULL),
(34, 6, 'الخميس', 'إبراهيم يوسف', '2023-04-13', '2023-04-13 09:30:00', 0, 500, 0, 0, 0, 0, 0, 0, 285, 0, NULL),
(35, 11, 'الخميس', 'أحمد صقر', '2023-04-13', '2023-04-13 13:00:00', 3500, 0, 0, 0, 0, 0, 0, 0, 0, 0, NULL),
(36, 7, 'الثلاثاء', 'عم_السيد', '2023-04-11', '2023-04-11 17:45:00', 0, 600, 0, 0, 0, 0, 0, 0, 0, 0, NULL),
(37, 7, 'الأربعاء', 'عم_السيد', '2023-04-12', '2023-04-12 17:45:00', 0, 600, 0, 0, 0, 0, 0, 0, 600, 0, NULL),
(38, 7, 'الخميس', 'عم_السيد', '2023-04-13', '2023-04-13 20:00:00', 0, 600, 0, 0, 0, 0, 0, 0, 0, 0, NULL),
(39, 7, 'الجمعه', 'عم_السيد', '2023-04-14', '2023-04-14 17:45:00', 0, 600, 0, 0, 0, 0, 0, 0, 0, 0, NULL),
(41, 1, 'السبت', 'عم_ياسر', '2023-04-15', '2023-04-15 10:00:00', 0, 1400, 0, 0, 0, 0, 0, 0, 0, 0, NULL),
(42, 2, 'السبت', 'عاطف', '2023-04-15', '2023-04-15 10:30:00', 0, 1100, 0, 0, 0, 0, 0, 0, 0, 0, NULL),
(43, 4, 'السبت', 'أحمد خليل', '2023-04-15', '2023-04-15 10:30:00', 0, 600, 0, 0, 0, 0, 0, 0, 0, 0, NULL),
(44, 11, 'السبت', 'أحمد صقر', '2023-04-15', '2023-04-15 12:00:00', 3500, 0, 0, 0, 0, 0, 0, 0, 0, 0, NULL),
(45, 12, 'السبت', 'محمد عماد', '2023-04-15', '2023-04-15 13:00:00', 0, 0, 0, 0, 0, 0, 0, 0, 0, 0, NULL),
(46, 1, 'الأحد', 'عم_ياسر', '2023-04-16', '2023-04-16 10:30:00', 0, 1400, 0, 0, 0, 0, 0, 200, 0, 0, 'سلفه'),
(47, 2, 'الأحد', 'عاطف', '2023-04-16', '2023-04-16 10:00:00', 0, 1100, 0, 0, 0, 0, 0, 0, 0, 0, NULL),
(48, 3, 'الأحد', 'مصطفى', '2023-04-16', '2023-04-16 10:30:00', 0, 700, 0, 0, 0, 0, 0, 0, 0, 0, NULL),
(49, 4, 'الأحد', 'أحمد خليل', '2023-04-16', '2023-04-16 10:30:00', 0, 600, 0, 0, 0, 0, 0, 0, 0, 0, NULL),
(50, 6, 'الأحد', 'إبراهيم يوسف', '2023-04-16', '2023-04-16 09:15:00', 0, 500, 0, 0, 0, 0, 0, 0, 0, 0, NULL),
(51, 7, 'السبت', 'عم_السيد', '2023-04-15', '2023-04-15 17:45:00', 0, 600, 0, 0, 0, 0, 0, 0, 0, 0, NULL),
(52, 8, 'الأحد', 'السيد عبده', '2023-04-16', '2023-04-16 13:00:00', 0, 0, 0, 0, 0, 0, 0, 0, 0, 0, NULL),
(53, 9, 'السبت', 'رمضان', '2023-04-15', '2023-04-15 11:00:00', 0, 0, 0, 0, 0, 0, 0, 0, 0, 0, NULL),
(54, 9, 'الأحد', 'رمضان', '2023-04-16', '2023-04-16 12:00:00', 0, 0, 0, 0, 0, 0, 0, 0, 0, 0, NULL),
(55, 11, 'الأحد', 'أحمد صقر', '2023-04-16', '2023-04-16 12:00:00', 3500, 0, 0, 0, 0, 0, 0, 0, 0, 0, NULL),
(56, 12, 'الأحد', 'محمد عماد', '2023-04-16', '2023-04-16 13:00:00', 0, 0, 0, 0, 0, 0, 0, 0, 0, 0, NULL),
(57, 1, 'الإثنين', 'عم_ياسر', '2023-04-17', '2023-04-17 10:00:00', 0, 1400, 0, 0, 0, 0, 0, 0, 0, 0, NULL),
(58, 2, 'الإثنين', 'عاطف', '2023-04-17', '2023-04-17 10:15:00', 0, 1100, 0, 0, 0, 0, 0, 0, 0, 0, NULL),
(60, 4, 'الإثنين', 'أحمد خليل', '2023-04-17', '2023-04-17 11:00:00', 0, 600, 0, 0, 0, 0, 0, 0, 0, 0, NULL),
(61, 6, 'الإثنين', 'إبراهيم يوسف', '2023-04-17', '2023-04-17 10:00:00', 0, 500, 0, 0, 0, 0, 0, 20, 0, 0, 'سلفه'),
(62, 9, 'الإثنين', 'رمضان', '2023-04-17', '2023-04-17 11:00:00', 0, 0, 0, 0, 0, 0, 0, 0, 500, 0, 'تحت حساب الصندوقB0260'),
(80, 7, 'الثلاثاء', 'عم_السيد', '2023-04-18', '2023-04-18 17:45:00', 0, 600, 0, 0, 0, 0, 0, 0, 0, 0, NULL),
(66, 2, 'الأربعاء', 'عاطف', '2023-04-12', '2023-04-12 10:00:00', 0, 1100, 0, 0, 0, 0, 0, 0, 0, 0, NULL),
(67, 3, 'الأربعاء', 'مصطفى', '2023-04-12', '2023-04-12 10:30:00', 0, 700, 0, 0, 0, 0, 0, 0, 0, 0, NULL),
(68, 4, 'الأربعاء', 'أحمد خليل', '2023-04-12', '2023-04-12 10:30:00', 0, 600, 0, 0, 0, 0, 0, 0, 0, 0, NULL),
(69, 11, 'الأربعاء', 'أحمد صقر', '2023-04-12', '2023-04-12 14:00:00', 3500, 0, 0, 0, 0, 0, 0, 0, 0, 0, NULL),
(70, 6, 'الأربعاء', 'إبراهيم يوسف', '2023-04-12', '2023-04-12 09:30:00', 0, 500, 0, 0, 0, 0, 0, 0, 0, 0, NULL),
(72, 7, 'الخميس', 'عم_السيد', '2023-04-06', '2023-04-06 17:45:00', 0, 600, 0, 0, 0, 0, 0, 0, 0, 0, NULL),
(73, 7, 'الأحد', 'عم_السيد', '2023-04-16', '2023-04-16 17:50:00', 0, 600, 0, 0, 0, 0, 0, 0, 0, 0, NULL),
(74, 11, 'الخميس', 'أحمد صقر', '2023-04-06', '2023-04-06 12:20:00', 3500, 0, 0, 0, 0, 0, 0, 0, 3500, 0, NULL),
(75, 1, 'الثلاثاء', 'عم_ياسر', '2023-04-18', '2023-04-18 10:15:00', 0, 1400, 0, 0, 0, 0, 0, 0, 0, 0, NULL),
(76, 2, 'الثلاثاء', 'عاطف', '2023-04-18', '2023-04-18 10:10:00', 0, 1100, 0, 0, 0, 0, 0, 0, 0, 0, NULL),
(77, 3, 'الثلاثاء', 'مصطفى', '2023-04-18', '2023-04-18 10:30:00', 0, 700, 0, 0, 0, 0, 0, 0, 0, 0, NULL),
(78, 4, 'الثلاثاء', 'أحمد خليل', '2023-04-18', '2023-04-18 10:45:00', 0, 600, 0, 0, 0, 0, 0, 0, 0, 0, NULL),
(79, 6, 'الثلاثاء', 'إبراهيم يوسف', '2023-04-18', '2023-04-18 10:00:00', 0, 500, 0, 0, 0, 0, 0, 0, 0, 0, NULL),
(81, 9, 'الثلاثاء', 'رمضان', '2023-04-18', '2023-04-18 10:45:00', 0, 0, 0, 0, 0, 0, 0, 0, 0, 0, NULL),
(82, 11, 'الإثنين', 'أحمد صقر', '2023-04-17', '2023-04-17 13:00:00', 3500, 0, 0, 0, 0, 0, 0, 0, 0, 0, NULL),
(83, 11, 'الثلاثاء', 'أحمد صقر', '2023-04-18', '2023-04-18 12:00:00', 3500, 0, 0, 0, 0, 0, 0, 0, 0, 0, NULL),
(84, 99, 'الخميس', 'المهندس', '2023-04-06', '2023-04-06 09:30:00', 3000, 0, 0, 0, 0, 0, 0, 0, 3000, 0, NULL),
(85, 8, 'الثلاثاء', 'السيد عبده', '2023-04-18', '2023-04-18 13:00:00', 0, 0, 0, 0, 0, 0, 0, 0, 0, 0, NULL),
(86, 8, 'الثلاثاء', 'السيد عبده', '2023-04-17', '2023-04-17 13:00:00', 0, 0, 0, 0, 0, 0, 0, 0, 0, 0, NULL),
(87, 12, 'الثلاثاء', 'محمد عماد', '2023-04-18', '2023-04-18 14:00:00', 0, 0, 0, 0, 0, 0, 0, 0, 0, 0, NULL),
(88, 1, 'الأربعاء', 'عم_ياسر', '2023-04-19', '2023-04-19 10:15:00', 0, 1400, 0, 0, 0, 0, 0, 300, 0, 0, NULL),
(89, 2, 'الأربعاء', 'عاطف', '2023-04-19', '2023-04-19 10:15:00', 0, 1100, 0, 0, 0, 0, 0, 0, 0, 0, NULL),
(90, 3, 'الأربعاء', 'مصطفى', '2023-04-19', '2023-04-19 11:00:00', 0, 700, 0, 0, 0, 0, 0, 0, 0, 0, NULL),
(91, 6, 'الأربعاء', 'إبراهيم يوسف', '2023-04-19', '2023-04-19 13:00:00', 0, 500, 0, 0, 0, 0, 0, 0, 0, 0, NULL),
(92, 7, 'الأربعاء', 'عم_السيد', '2023-04-19', '2023-04-19 17:45:00', 0, 600, 0, 0, 0, 0, 0, 0, 600, 0, NULL),
(93, 11, 'الأربعاء', 'أحمد صقر', '2023-04-19', '2023-04-19 13:00:00', 3500, 0, 0, 0, 0, 0, 0, 0, 0, 0, NULL),
(94, 8, 'الأربعاء', 'السيد عبده', '2023-04-19', '2023-04-19 12:00:00', 0, 0, 0, 0, 0, 0, 0, 0, 0, 0, NULL),
(95, 2, 'الخميس', 'عاطف', '2023-04-20', '2023-04-20 11:00:00', 0, 1100, 0, 0, 0, 0, 0, 0, 0, 1100, NULL),
(96, 3, 'الخميس', 'مصطفى', '2023-04-20', '2023-04-20 11:30:00', 0, 700, 0, 0, 0, 0, 0, 0, 0, 466.667, NULL),
(97, 4, 'الخميس', 'أحمد خليل', '2023-04-20', '2023-04-20 11:45:00', 0, 600, 0, 0, 0, 0, 0, 0, 0, 500, NULL),
(98, 6, 'الخميس', 'إبراهيم يوسف', '2023-04-20', '2023-04-20 08:00:00', 0, 500, 0, 0, 0, 0, 0, 0, 0, 396.667, NULL),
(101, 7, 'الخميس', 'عم_السيد', '2023-04-20', '2023-04-20 17:45:00', 0, 600, 0, 0, 0, 0, 0, 0, 0, 85.7143, NULL),
(100, 11, 'الخميس', 'أحمد صقر', '2023-04-20', '2023-04-20 11:00:00', 3500, 0, 0, 0, 0, 0, 0, 0, 0, 1399.99, NULL),
(102, 1, 'الخميس', 'عم_ياسر', '2023-04-20', '2023-04-20 13:00:00', 1400, 0, 0, 0, 0, 0, 0, 300, 666.67, -300, NULL);

-- --------------------------------------------------------

--
-- Table structure for table `selling_`
--

DROP TABLE IF EXISTS `selling_`;
CREATE TABLE IF NOT EXISTS `selling_` (
  `S_ID` int(11) DEFAULT NULL,
  `C_phone` varchar(11) DEFAULT NULL,
  `B_ID` varchar(5) DEFAULT NULL,
  `U_ID` varchar(5) DEFAULT NULL,
  `Iron_Box` varchar(6) DEFAULT NULL,
  `total_cost` int(11) DEFAULT NULL,
  `Date` varchar(10) DEFAULT NULL
) ENGINE=MyISAM DEFAULT CHARSET=utf8;

--
-- Dumping data for table `selling_`
--

INSERT INTO `selling_` (`S_ID`, `C_phone`, `B_ID`, `U_ID`, `Iron_Box`, `total_cost`, `Date`) VALUES
(1, '01033588000', 'B0043', NULL, NULL, NULL, '2023/02/22'),
(2, '01146632175', 'B0110', NULL, NULL, NULL, '2023/02/23'),
(3, '01011189363', 'B0168', NULL, NULL, NULL, '2023/02/26'),
(4, '01201888855', 'B0100', 'U0049', NULL, NULL, '2023/03/01'),
(5, '01001734440', 'B0213', NULL, NULL, NULL, '2023/03/04'),
(6, '01013211059', 'B0020', 'U0002', NULL, NULL, '2023/03/06'),
(7, NULL, 'B0285', 'U0081', NULL, NULL, '2023/03/08'),
(8, '01014437447', 'B0142', NULL, NULL, NULL, '2023/03/09'),
(9, '01115811170', 'B0228', NULL, NULL, NULL, '2023/03/09'),
(10, '01063634452', 'B0214', NULL, NULL, NULL, '2023/03/11'),
(11, '01111201677', 'B0281', 'U0095', NULL, NULL, '2023/03/12'),
(12, '01001118418', 'B0216', NULL, NULL, NULL, '2023/03/12'),
(13, '01090669640', 'B0219', 'U0078', NULL, NULL, '2023/03/14'),
(14, '01154499157', 'B0108', NULL, NULL, NULL, '2023/03/15'),
(15, NULL, 'B0143', NULL, NULL, NULL, '2023/03/15'),
(16, '01118640200', 'B0198', NULL, NULL, NULL, '2023/03/16'),
(17, '01094978786', 'B0233', NULL, NULL, NULL, '2023/03/16'),
(18, '01065520603', 'B0072', 'U0021', NULL, NULL, '2023/03/18'),
(19, '01019901979', 'B0300', NULL, NULL, NULL, '2023/03/18'),
(20, '01153878783', 'B0187', NULL, NULL, NULL, '2023/03/18'),
(21, '01024354781', 'B0066', NULL, NULL, NULL, '2023/03/20'),
(22, '01227234026', 'B0303', NULL, NULL, NULL, '2023/03/20'),
(23, '01026294083', NULL, NULL, 'IB0010', NULL, '2023/03/20'),
(24, '01016584603', 'B0297', 'U0099', NULL, NULL, '2023/03/21'),
(25, '01094978786', 'B0071', NULL, NULL, NULL, '2023/03/22'),
(26, '01098044410', NULL, NULL, 'IB0009', NULL, '2023/03/22'),
(27, '01094978786', 'B0069', NULL, NULL, NULL, '2023/03/22'),
(28, '01111122066', 'B0001', NULL, NULL, NULL, '2023/03/25'),
(29, '01111122066', 'B0179', NULL, NULL, NULL, '2023/03/25'),
(30, '01010970482', 'B0251', NULL, NULL, NULL, '2023/03/25'),
(31, '01015671370', 'B0153', 'U0069', NULL, 11100, '2023/03/26'),
(32, '01001212512', 'B0111', 'U0051', NULL, NULL, '2023/03/26'),
(33, '01015671370', 'B0239', NULL, NULL, NULL, '2023/03/26'),
(34, '01002736304', NULL, NULL, 'IB0081', NULL, '2023/03/27'),
(35, '01141768670', 'B0018', NULL, NULL, 2700, '2023/03/28'),
(36, '01010079169', 'B0306', NULL, NULL, 11900, '2023/03/29'),
(37, '01015135856', NULL, NULL, 'IB0078', 250, '2023/03/29'),
(38, '01200069726', NULL, NULL, 'IB0001', NULL, '2023/03/30'),
(39, '01271463975', 'B0197', NULL, NULL, 3600, '2023/04/01'),
(40, '01227298666', NULL, NULL, 'IB0035', 3000, '2023/04/01'),
(41, '01007194817', 'B0295', 'U0116', NULL, 10500, '2023/04/01'),
(42, '01004884920', NULL, 'U0027', NULL, 9500, '2023/04/02'),
(43, '01015135856', NULL, NULL, 'IB0086', NULL, '2023/04/02'),
(44, '01144021406', 'B0002', NULL, 'IB0056', 4400, '2023/04/02'),
(45, '01001118418', 'B0208', NULL, NULL, 8300, '2023/04/03'),
(46, '01026029991', 'B0047', NULL, NULL, 5400, '5-4-2023'),
(47, '01094818119', NULL, NULL, 'IB0003', NULL, '2023/04/08'),
(48, '01066561097', 'B0164', NULL, NULL, NULL, '2023/04/10');

-- --------------------------------------------------------

--
-- Table structure for table `sheet_boxs`
--

DROP TABLE IF EXISTS `sheet_boxs`;
CREATE TABLE IF NOT EXISTS `sheet_boxs` (
  `B_ID` varchar(6) DEFAULT NULL,
  `Status Type` varchar(8) DEFAULT NULL,
  `Percentage` int(11) DEFAULT NULL,
  `Company` varchar(17) DEFAULT NULL,
  `Model` varchar(9) DEFAULT NULL,
  `Behind Door` int(11) DEFAULT NULL,
  `Right Side` int(11) DEFAULT NULL,
  `Left Side` int(11) DEFAULT NULL,
  `Thickness` int(11) DEFAULT NULL,
  `Angle Type` varchar(8) DEFAULT NULL,
  `Frame Type` varchar(8) DEFAULT NULL,
  `Box Floor Type` varchar(20) DEFAULT NULL,
  `Chassis` varchar(5) DEFAULT NULL,
  `Location` varchar(22) DEFAULT NULL,
  `Height` int(11) DEFAULT NULL,
  `Width` int(11) DEFAULT NULL,
  `Length` int(11) DEFAULT NULL,
  `U_ID` varchar(20) CHARACTER SET utf8 COLLATE utf8_general_ci DEFAULT NULL,
  `Palamma Y or N` varchar(5) DEFAULT NULL,
  `Palamma Type` varchar(9) DEFAULT NULL,
  `Image` varchar(10) DEFAULT NULL,
  `Box name` varchar(14) DEFAULT NULL,
  `Notes` varchar(29) DEFAULT NULL,
  `Entry date` varchar(10) DEFAULT NULL,
  `Buying Price` varchar(5) DEFAULT NULL,
  `Selling Price` varchar(7) DEFAULT NULL,
  `Color` varchar(4) DEFAULT NULL,
  `Type` varchar(5) DEFAULT NULL,
  `spending` float NOT NULL DEFAULT '0'
) ENGINE=MyISAM DEFAULT CHARSET=utf8;

--
-- Dumping data for table `sheet_boxs`
--

INSERT INTO `sheet_boxs` (`B_ID`, `Status Type`, `Percentage`, `Company`, `Model`, `Behind Door`, `Right Side`, `Left Side`, `Thickness`, `Angle Type`, `Frame Type`, `Box Floor Type`, `Chassis`, `Location`, `Height`, `Width`, `Length`, `U_ID`, `Palamma Y or N`, `Palamma Type`, `Image`, `Box name`, `Notes`, `Entry date`, `Buying Price`, `Selling Price`, `Color`, `Type`, `spending`) VALUES
('B0003', 'كسر زيرو', 90, 'دلتا فوم', '2018', 2, 1, 0, 10, 'ألومنيوم', 'ألومنيوم', 'فايبر', 'FALSE', 'معرض حماده عطيه', 160, 170, 230, NULL, 'TRUE', 'تجميع', NULL, 'دبابه', NULL, NULL, '2850', '3800', NULL, NULL, 0),
('B0004', 'old', 90, 'الطحان', NULL, 2, 0, 0, 10, 'ألومنيوم', 'ألومنيوم', 'فايبر', 'FALSE', '30.888962, 31.4423653', 150, 170, 230, NULL, 'FALSE', NULL, NULL, 'دبابه', NULL, NULL, '3000', '3500', NULL, NULL, 0),
('B0005', 'old', 90, 'العالمية', NULL, 2, 0, 0, 0, 'ألومنيوم', 'ستانليس', 'فايبر', 'FALSE', '30.8888539, 31.4423362', 160, 170, 230, NULL, 'FALSE', NULL, NULL, 'دبابه', NULL, NULL, '3000', '3200', NULL, NULL, 0),
('B0006', 'old', 90, 'ريفتراك', '2021-2022', 2, 1, 0, 5, 'ألومنيوم', 'ألومنيوم', 'فايبر', 'TRUE', '30.8888817, 31.4423283', 150, 170, 230, NULL, 'FALSE', NULL, NULL, 'دبابه', NULL, NULL, '3000', '5000', NULL, NULL, 0),
('B0007', 'new', 100, 'دلتا فوم', NULL, 2, 0, 0, 10, 'ألومنيوم', 'ألومنيوم', 'فايبر', 'FALSE', '30.8888994, 31.4424633', 160, 170, 230, NULL, 'FALSE', NULL, NULL, 'دبابه', NULL, NULL, '3500', '4800', NULL, NULL, 0),
('B0008', 'كسر زيرو', 90, 'كايرو فوم', '2021', 2, 1, 0, 10, 'ألومنيوم', NULL, 'فايبر', 'FALSE', '30.8889557, 31.4426336', 160, 170, 230, NULL, 'TRUE', 'كايروفوم', NULL, 'دبابه', NULL, NULL, '3200', '4500', NULL, NULL, 0),
('B0009', 'كسر زيرو', 90, 'كايرو فوم', '2021', 2, 1, 0, 10, 'ألومنيوم', 'ألومنيوم', 'فايبر', 'FALSE', '30.8889273, 31.4426222', 160, 170, 230, 'U0001', 'FALSE', NULL, NULL, 'دبابه', NULL, NULL, '6350', '8000', NULL, NULL, 0),
('B0010', 'مستعمل', 80, 'دلتا فوم', '2018', 2, 1, 0, 10, 'ألومنيوم', 'ألومنيوم', 'فايبر', 'FALSE', '30.8888917, 31.4429283', 160, 170, 230, NULL, 'TRUE', 'دلتا فوم', NULL, 'دبابه', NULL, NULL, '2850', '3800', NULL, NULL, 0),
('B0011', 'كسر زيرو', 95, 'كايرو فوم', '2018', 2, 0, 0, 10, 'ألومنيوم', NULL, 'فايبر', 'FALSE', '30.8889905, 31.4427626', 160, 170, 230, NULL, 'TRUE', 'كايروفوم', NULL, 'دبابه', NULL, NULL, '3200', '4300', NULL, NULL, 0),
('B0012', 'كسر زيرو', 95, 'الهداية', '2018', 2, 0, 0, 10, 'ألومنيوم', 'ستانليس', 'فايبر', 'FALSE', '30.8889671, 31.4426626', 160, 170, 230, NULL, 'TRUE', 'الهداية', NULL, 'دبابه', NULL, NULL, '2700', '3500', NULL, NULL, 0),
('B0013', 'مستعمل', 80, 'ريفتراك', '2010', 2, 0, 0, 5, 'فايبر', 'فايبر', 'فايبر', 'FALSE', '30.8889633, 31.4427883', 160, 170, 230, NULL, 'FALSE', NULL, NULL, 'دبابه', NULL, NULL, '1400', '2500', NULL, NULL, 0),
('B0014', 'كسر زيرو', 90, 'تجميع', NULL, 2, 0, 0, 10, 'ألومنيوم', NULL, 'فايبر', 'FALSE', '30.8888892, 31.4427305', 160, 170, 230, NULL, 'FALSE', NULL, NULL, 'دبابه', NULL, NULL, '2000', '3200', NULL, NULL, 0),
('B0015', 'كسر زيرو', 90, 'كايرو فوم', '2022', 2, 1, 0, 10, 'ألومنيوم', 'ألومنيوم', 'مجرى ألومنيوم', 'FALSE', '30.8888973, 31.442747', 160, 170, 230, 'U0112', 'FALSE', NULL, NULL, 'دبابه', NULL, NULL, '2800', '4500', NULL, NULL, 0),
('B0016', 'كسر زيرو', 95, 'الطحان', '2020', 2, 0, 0, 10, 'ألومنيوم', NULL, 'فايبر', 'FALSE', '30.8889556, 31.4426266', 160, 170, 230, NULL, 'TRUE', 'الطحان', NULL, 'دبابه', NULL, NULL, '3100', '4300', NULL, NULL, 0),
('B0017', 'كسر زيرو', 90, 'كايرو فوم', '2020', 2, 1, 0, 10, 'ألومنيوم', 'ألومنيوم', 'مجرى ألومنيوم', 'FALSE', '30.8889563, 31.4426347', 160, 170, 230, NULL, 'FALSE', NULL, NULL, 'دبابه', NULL, NULL, '2800', '4500', NULL, NULL, 0),
('B0019', 'كسر زيرو', 90, 'ريفتراك', '2015', 2, 1, 0, 10, 'ألومنيوم', 'ستانليس', 'فايبر', 'FALSE', '30.8889383, 31.442643', 150, 168, 230, NULL, 'FALSE', NULL, NULL, 'دبابه', NULL, NULL, '3000', '5000', NULL, NULL, 0),
('B0021', 'مستعمل', 75, 'IBC', '2013', 2, 1, 0, 10, 'ألومنيوم', NULL, 'فايبر', 'FALSE', '30.889057, 31.4424956', 160, 170, 230, NULL, 'FALSE', NULL, NULL, 'دبابه', NULL, NULL, '1700', '2800', NULL, NULL, 0),
('B0022', 'مستعمل', 85, 'ريفتراك', '2013', 2, 0, 0, 10, 'ألومنيوم', NULL, 'فايبر', 'FALSE', '30.8890666, 31.4429766', 150, 168, 230, NULL, 'TRUE', 'ريفتراك', NULL, 'دبابه', NULL, NULL, '2000', '3300', NULL, NULL, 0),
('B0023', 'مستعمل', 85, 'IBC', '2013', 2, 0, 0, 10, 'ألومنيوم', NULL, 'فايبر', 'FALSE', '30.8891467, 31.4425367', 160, 170, 230, NULL, 'TRUE', 'IBC', NULL, 'دبابه', NULL, NULL, '2200', '3500', NULL, NULL, 0),
('B0024', 'مستعمل', 80, 'IBC', '2013', 2, 0, 0, 10, 'ألومنيوم', NULL, 'فايبر', 'FALSE', '30.8890182, 31.4428401', 160, 170, 230, NULL, 'FALSE', NULL, NULL, 'دبابه', NULL, NULL, '2300', '3000', NULL, NULL, 0),
('B0025', 'مستعمل', 75, 'كايرو فوم', '2010', 2, 0, 0, 10, 'ألومنيوم', 'ألومنيوم', 'فايبر', 'FALSE', '30.8888179, 31.4423884', 160, 165, 230, NULL, 'TRUE', NULL, NULL, 'دبابه', NULL, NULL, '1700', '2700', NULL, NULL, 0),
('B0026', 'مستعمل', 75, 'دلتا فوم', '2018', 2, 1, 0, 10, 'ألومنيوم', 'ألومنيوم', 'فايبر', 'FALSE', '30.8889746, 31.4427427', 160, 170, 230, NULL, 'FALSE', NULL, NULL, 'دبابه', NULL, NULL, '2300', '3500', NULL, NULL, 0),
('B0027', 'مستعمل', 75, 'ريفتراك', '2015', 2, 0, 0, 10, 'فايبر', 'ستانليس', 'فايبر+ صندوق سمك', 'FALSE', '30.8887946, 31.4423284', 150, 170, 230, NULL, 'FALSE', NULL, NULL, 'دبابه', 'سمك', NULL, '2700', '5500', NULL, NULL, 0),
('B0028', 'مستعمل', 75, 'ريفتراك', '2013', 1, 1, 0, 10, 'ألومنيوم', NULL, 'فايبر+صندوق آيس كريم', 'FALSE', '30.8890394, 31.442809', 150, 168, 230, NULL, 'TRUE', 'تجميع', NULL, 'دبابه', 'آيس كريم', NULL, '1700', '2500', NULL, NULL, 0),
('B0029', 'مستعمل', 80, 'دلتا فوم', '2020', 2, 1, 0, 10, 'ألومنيوم', 'ألومنيوم', 'ستانليس', 'FALSE', '30.8889456, 31.4426683', 150, 170, 230, NULL, 'FALSE', NULL, NULL, 'دبابه', NULL, NULL, '2900', '3800', NULL, NULL, 0),
('B0030', 'مستعمل', 85, 'كايرو فوم', '2013', 2, 1, 0, 10, 'ألومنيوم', 'ألومنيوم', 'فايبر', 'FALSE', '30.8889407, 31.442867', 160, 165, 230, 'U0003', 'FALSE', NULL, NULL, 'دبابه', NULL, NULL, '2500', '4500', NULL, NULL, 0),
('B0031', 'مستعمل', 85, 'دبى بانل', '2010', 2, 1, 0, 10, 'ألومنيوم', 'ألومنيوم', 'فايبر', 'FALSE', '30.8889335, 31.4427422', 160, 165, 230, 'U0004', 'FALSE', NULL, NULL, 'دبابه', NULL, NULL, '2800', '4500', NULL, NULL, 0),
('B0032', 'مستعمل', 75, 'ريفتراك', '2010', 2, 0, 0, 10, 'فايبر', NULL, 'فايبر', 'FALSE', '30.888943, 31.4426611', 150, 168, 230, NULL, 'TRUE', 'تجميع', NULL, 'دبابه', NULL, NULL, '2300', '3300', NULL, NULL, 0),
('B0033', 'كسر زيرو', 90, 'كايرو فوم', '2020', 2, 0, 0, 10, 'ألومنيوم', NULL, 'فايبر', 'FALSE', '30.8888414, 31.4424485', 160, 170, 230, 'U0005', 'TRUE', 'كايروفوم', NULL, 'دبابه', 'خاص أسامه', NULL, '', '6500', NULL, NULL, 0),
('B0034', 'كسر زيرو', 90, 'كايرو فوم', '2020', 2, 1, 0, 10, 'ألومنيوم', 'ألومنيوم', 'فايبر', 'FALSE', '30.8889471, 31.4426713', 160, 170, 230, 'U0006', 'TRUE', 'كايروفوم', NULL, 'دبابه', NULL, NULL, '6300', '8500', NULL, NULL, 0),
('B0035', 'كسر زيرو', 90, 'مركز الفتح', '2013', 2, 0, 0, 10, 'ألومنيوم', 'ألومنيوم', 'فايبر', 'FALSE', '30.8888226, 31.4425361', 160, 168, 230, 'U0007', 'TRUE', 'تجميع', NULL, 'دبابه', NULL, NULL, '4500', '7000', NULL, NULL, 0),
('B0036', 'كسر زيرو', 90, 'IBC', '2013', 2, 0, 0, 10, 'ألومنيوم', 'ألومنيوم', 'فايبر', 'FALSE', '30.8888949, 31.4430752', 160, 168, 230, 'U0008', 'FALSE', NULL, NULL, 'دبابه', NULL, NULL, '4000', '7000', NULL, NULL, 0),
('B0037', 'كسر زيرو', 90, 'ريفتراك', '2013', 2, 0, 0, 10, 'ألومنيوم', NULL, 'فايبر', 'FALSE', '30.8887983, 31.4427556', 150, 168, 230, 'U0009', 'FALSE', NULL, NULL, 'دبابه', NULL, NULL, '3500', '5300', NULL, NULL, 0),
('B0038', 'كسر زيرو', 90, 'IBC', '2013', 2, 1, 0, 10, 'ألومنيوم', NULL, 'فايبر', 'FALSE', '30.8889573, 31.4427769', 160, 168, 230, 'U0010', 'TRUE', 'تجميع', NULL, 'دبابه', NULL, NULL, '3000', '5000', NULL, NULL, 0),
('B0039', 'كسر زيرو', 90, 'كايرو فوم', '2020', 2, 0, 0, 10, 'ألومنيوم', NULL, 'فايبر', 'FALSE', '30.8888617, 31.442765', 160, 170, 230, 'U0011', 'TRUE', 'كايروفوم', NULL, 'دبابه', 'خاص أسامه', NULL, '', '6500', NULL, NULL, 0),
('B0041', 'كسر زيرو', 95, 'العالمية', '2020', 2, 1, 0, 10, 'ألومنيوم', 'ألومنيوم', 'فايبر', 'FALSE', '30.8888033, 31.4423817', 160, 170, 230, 'U0012', 'TRUE', 'العالمية', NULL, 'دبابه', NULL, NULL, '6200', '8000', NULL, NULL, 0),
('B0042', 'كسر زيرو', 90, 'IBC', '2017', 2, 0, 0, 10, 'ألومنيوم', NULL, 'فايبر', 'FALSE', '30.8891696, 31.4425162', 160, 170, 230, 'U0013', 'FALSE', NULL, NULL, 'دبابه', NULL, NULL, '4500', '7000', NULL, NULL, 0),
('B0044', 'كسر زيرو', 95, 'ريفتراك', '2015', 2, 0, 0, 10, 'ألومنيوم', 'ستانليس', 'فايبر', 'FALSE', '30.8888281, 31.4427077', 150, 170, 230, 'U0014', 'FALSE', NULL, NULL, 'دبابه', NULL, NULL, '4000', '7500', NULL, NULL, 0),
('B0045', 'زيرو', 100, 'دلتا فوم', '2023', 2, 1, 0, 10, 'ألومنيوم', 'ألومنيوم', 'فايبر', 'FALSE', '30.8887807, 31.4425876', 160, 170, 230, NULL, 'FALSE', NULL, NULL, 'دبابه', NULL, NULL, '5000', '7500', NULL, NULL, 0),
('B0046', 'زيرو', 100, 'دلتا فوم', '2023', 2, 0, 0, 10, 'ألومنيوم', NULL, 'فايبر', 'FALSE', '30.8889503, 31.4426764', 160, 170, 230, NULL, 'FALSE', NULL, NULL, 'دبابه', NULL, NULL, '3500', '4200', NULL, NULL, 0),
('B0048', 'كسر زيرو', 90, 'ريفتراك', '2020', 2, 1, 0, 10, 'ألومنيوم', NULL, 'فايبر', 'FALSE', '30.8889462, 31.4426729', 150, 170, 230, NULL, 'TRUE', 'ريفتراك', NULL, 'دبابه', NULL, NULL, '4700', '5500', NULL, NULL, 0),
('B0234', 'زيرو', 100, 'دلتا فوم', '2023', 2, 0, 0, 10, 'ألومنيوم', 'ألومنيوم', 'فايبر', 'FALSE', '30.8887888, 31.4426174', 160, 170, 230, NULL, 'FALSE', NULL, NULL, 'دبابه', NULL, NULL, '3500', '4800', NULL, NULL, 0),
('B0049', 'كسر زيرو', 90, 'ريفتراك', '2020', 2, 0, 0, 10, 'فايبر', NULL, 'فايبر', 'TRUE', '30.8887689, 31.4426346', 150, 170, 230, NULL, 'TRUE', 'ريفتراك', NULL, 'دبابه', NULL, NULL, '4000', '5000', NULL, NULL, 0),
('B0050', 'كسر زيرو', 95, 'ريفتراك', '2020', 2, 1, 0, 5, 'ألومنيوم', NULL, 'فايبر', 'TRUE', '30.8888124, 31.4426698', 150, 170, 230, NULL, 'FALSE', NULL, NULL, 'دبابه', NULL, NULL, '3000', '5000', NULL, NULL, 0),
('B0051', 'كسر زيرو', 95, 'ريفتراك', '2020', 2, 1, 0, 5, 'ألومنيوم', NULL, 'فايبر', 'TRUE', '30.8887265, 31.4426187', 150, 170, 230, NULL, 'FALSE', NULL, NULL, 'دبابه', NULL, NULL, '3000', '5000', NULL, NULL, 0),
('B0052', 'كسر زيرو', 95, 'ريفتراك', '2020', 2, 1, 0, 5, 'ألومنيوم', NULL, 'فايبر', 'TRUE', '30.8885841, 31.4429861', 150, 170, 230, NULL, 'FALSE', NULL, NULL, 'دبابه', NULL, NULL, '3000', '5000', NULL, NULL, 0),
('B0053', 'كسر زيرو', 95, 'ريفتراك', '2020', 2, 1, 0, 5, 'ألومنيوم', NULL, 'فايبر', 'TRUE', '30.888647, 31.4427983', 150, 170, 230, NULL, 'FALSE', NULL, NULL, 'دبابه', NULL, NULL, '3000', '5000', NULL, NULL, 0),
('B0054', 'كسر زيرو', 95, 'ريفتراك', '2020', 2, 1, 0, 5, 'ألومنيوم', NULL, 'فايبر', 'TRUE', '30.8886415, 31.4427406', 150, 170, 230, NULL, 'FALSE', NULL, NULL, 'دبابه', NULL, NULL, '3000', '5000', NULL, NULL, 0),
('B0055', 'كسر زيرو', 95, 'ريفتراك', '2020', 2, 1, 0, 10, 'ألومنيوم', NULL, 'فايبر', 'TRUE', '30.8886092, 31.4428755', 150, 170, 230, 'U0015', 'TRUE', 'ريفتراك', NULL, 'دبابه', NULL, NULL, '5700', '8500', NULL, NULL, 0),
('B0056', 'كسر زيرو', 90, 'ريفتراك', '2020', 2, 1, 0, 5, 'ألومنيوم', NULL, 'فايبر', 'TRUE', '30.8889333, 31.442545', 150, 170, 230, NULL, 'FALSE', NULL, NULL, 'دبابه', NULL, NULL, '3000', '5000', NULL, NULL, 0),
('B0058', 'كسر زيرو', 90, 'ريفتراك', '2020', 2, 1, 0, 10, 'ألومنيوم', NULL, 'فايبر', 'FALSE', '30.8887517, 31.4427391', 150, 170, 230, 'U0016', 'FALSE', NULL, NULL, 'دبابه', NULL, NULL, '4500', '7300', NULL, NULL, 0),
('B0059', 'زيرو', 100, 'دلتا فوم', '2023', 2, 0, 0, 10, 'ألومنيوم', 'ألومنيوم', 'فايبر', 'FALSE', '30.8889468, 31.4425659', 160, 170, 230, NULL, 'FALSE', NULL, NULL, 'دبابه', NULL, NULL, '3500', '4800', NULL, NULL, 0),
('B0060', 'كسر زيرو', 90, 'ريفتراك', '2020', 2, 1, 0, 10, 'ألومنيوم', NULL, 'فايبر', 'FALSE', '30.8890183, 31.442575', 150, 170, 230, 'U0017', 'FALSE', NULL, NULL, 'دبابه', NULL, NULL, '5000', '8200', NULL, NULL, 0),
('B0061', 'زيرو', 100, 'دلتا فوم', '2023', 2, 0, 0, 10, 'ألومنيوم', 'ألومنيوم', 'فايبر', 'FALSE', '30.8889914, 31.44279', 160, 170, 230, NULL, 'FALSE', NULL, NULL, 'دبابه', NULL, NULL, '3500', '4800', NULL, NULL, 0),
('B0062', 'زيرو', 100, 'دلتا فوم', '2023', 2, 0, 0, 10, 'ألومنيوم', 'ألومنيوم', 'فايبر', 'FALSE', '30.8889688, 31.4426807', 160, 170, 230, NULL, 'FALSE', NULL, NULL, 'دبابه', NULL, NULL, '3500', '4800', NULL, NULL, 0),
('B0063', 'زيرو', 100, 'دلتا فوم', '2023', 2, 0, 0, 10, 'ألومنيوم', 'ألومنيوم', 'فايبر', 'FALSE', 'معرض حماده عطيه', 160, 170, 230, NULL, 'FALSE', NULL, NULL, 'دبابه', NULL, NULL, '3500', '4800', NULL, NULL, 0),
('B0064', 'كسر زيرو', 90, 'ريفتراك', '2013', 2, 1, 0, 10, 'ألومنيوم', NULL, 'فايبر', 'FALSE', '30.8888728, 31.4426263', 150, 168, 230, 'U0018', 'TRUE', 'تجميع', NULL, 'دبابه', NULL, NULL, '3000', '5500', NULL, NULL, 0),
('B0065', 'كسر زيرو', 90, 'الهداية', '2015', 2, 0, 0, 10, 'ألومنيوم', 'ستانليس', 'فايبر', 'FALSE', '30.8887862, 31.4425129', 160, 170, 230, 'U0019', 'TRUE', 'الهداية', NULL, 'دبابه', NULL, NULL, '4000', '6300', NULL, NULL, 0),
('B0067', 'زيرو', 100, 'دلتا فوم', '2023', 2, 1, 0, 10, 'ألومنيوم', 'ألومنيوم', 'فايبر', 'FALSE', '30.8889577, 31.4426378', 160, 170, 230, NULL, 'FALSE', NULL, NULL, 'دبابه', NULL, NULL, '4000', '5400', NULL, NULL, 0),
('B0068', 'كسر زيرو', 90, 'كايرو فوم', '2018', 2, 0, 0, 10, 'ألومنيوم', 'ألومنيوم', 'فايبر', 'FALSE', '30.8890567, 31.4426121', 160, 170, 230, 'U0020', 'FALSE', NULL, NULL, 'دبابه', NULL, NULL, '4000', '6000', NULL, NULL, 0),
('B0070', 'مستعمل', 80, 'الهداية', '2013', 2, 0, 0, 10, 'ألومنيوم', 'ستانليس', 'فايبر', 'FALSE', '30.8889486, 31.4426692', 160, 170, 230, NULL, 'TRUE', 'تجميع', NULL, 'دبابه', NULL, NULL, '2200', '3200', NULL, NULL, 0),
('B0073', 'كسر زيرو', 90, 'ريفتراك', '2018', 2, 1, 0, 10, 'ألومنيوم', NULL, 'فايبر', 'FALSE', '30.8889114, 31.4428518', 150, 170, 230, 'U0033', 'FALSE', NULL, NULL, 'دبابه', NULL, NULL, '7500', '8500', NULL, NULL, 0),
('B0074', 'كسر زيرو', 90, 'ريفتراك', '2018', 2, 0, 0, 10, 'ألومنيوم', NULL, 'فايبر', 'FALSE', '30.8889979, 31.4426898', 150, 170, 230, 'U0034', 'FALSE', NULL, NULL, 'دبابه', NULL, NULL, '6000', '8000', NULL, NULL, 0),
('B0075', 'مستعمل', 80, 'كايرو فوم', '2018', 2, 1, 1, 10, 'ألومنيوم', NULL, 'فايبر- sozoki', 'FALSE', '30.8890829, 31.4426476', 140, 150, 190, NULL, 'FALSE', NULL, NULL, 'دبابه', NULL, NULL, '1800', '2700', NULL, NULL, 0),
('B0076', 'مستعمل', 85, 'كايرو فوم', '2018', 2, 0, 0, 10, 'ألومنيوم', NULL, 'فايبر', 'FALSE', '30.8888728, 31.4426033', 160, 170, 230, 'U0035', 'TRUE', 'كايروفوم', NULL, 'دبابه', 'خاص أسامه الفيشاوى', NULL, '', '6500', NULL, NULL, 0),
('B0077', 'مستعمل', 85, 'ريفتراك', '2020', 2, 1, 0, 10, 'ألومنيوم', NULL, 'فايبر', 'TRUE', '30.8891096, 31.4428277', 200, 220, 440, 'U0036', 'FALSE', NULL, NULL, 'جامبو', NULL, NULL, '8500', '15000', NULL, NULL, 0),
('B0078', 'مستعمل', 85, 'ريفتراك', '2018', 2, 1, 1, 10, 'ألومنيوم', 'ستانليس', 'فايبر', 'FALSE', '30.8889496, 31.4426611', 210, 220, 540, 'U0038', 'FALSE', NULL, NULL, 'جامبو', NULL, NULL, '5000', '15000', NULL, NULL, 0),
('B0079', 'مستعمل', 85, 'ريفتراك', '2020', 2, 1, 0, 10, 'فايبر', 'ستانليس', 'فايبر', 'FALSE', '30.8889518, 31.4426664', 180, 190, 310, NULL, 'FALSE', NULL, NULL, 'تلت', NULL, NULL, '3000', '5500', NULL, NULL, 0),
('B0080', 'كسر زيرو', 90, 'ريفتراك', '2018', 2, 1, 1, 5, 'ألومنيوم', NULL, 'فايبر', 'FALSE', '30.8890192, 31.4426474', 180, 190, 310, NULL, 'FALSE', NULL, NULL, 'تلت', NULL, NULL, '2400', '3500', NULL, NULL, 0),
('B0081', 'كسر زيرو', 90, 'كايرو فوم', '2018', 2, 0, 0, 10, 'ألومنيوم', NULL, 'فايبر', 'FALSE', 'معرض حماده عطيه', 160, 170, 230, 'U0037', 'TRUE', 'كايروفوم', NULL, 'دبابه', 'خاص أسامه الفيشاوى', NULL, '', '6700', NULL, NULL, 0),
('B0082', 'كسر زيرو', 95, 'ريفتراك', '2020', 2, 0, 0, 10, 'ألومنيوم', NULL, 'فايبر', 'FALSE', 'معرض حماده عطيه', 150, 170, 230, 'U0039', 'FALSE', NULL, NULL, 'دبابه', NULL, NULL, '5500', '8500', NULL, NULL, 0),
('B0083', 'كسر زيرو', 90, 'كايرو فوم', '2020', 2, 0, 0, 10, 'ألومنيوم', 'ألومنيوم', 'فايبر', 'FALSE', '30.889027, 31.4426838', 180, 190, 318, 'U0040', 'FALSE', NULL, NULL, 'تلت', NULL, NULL, '4200', '7000', NULL, NULL, 0),
('B0084', 'كسر زيرو', 90, 'ريفتراك', '2020', 2, 0, 0, 10, 'ألومنيوم', NULL, 'فايبر', 'FALSE', '30.8890623, 31.4427823', 150, 170, 230, 'U0041', 'FALSE', NULL, NULL, 'دبابه', NULL, NULL, '5500', '8500', NULL, NULL, 0),
('B0085', 'كسر زيرو', 90, 'العالمية', '2020', 2, 1, 0, 10, 'ألومنيوم', 'ألومنيوم', 'فايبر', 'FALSE', '30.8889486, 31.442673', 160, 170, 230, 'U0042', 'FALSE', NULL, NULL, 'دبابه', NULL, NULL, '5000', '8000', NULL, NULL, 0),
('B0086', 'كسر زيرو', 95, 'العالمية', '2018', 2, 1, 0, 10, 'ألومنيوم', 'ألومنيوم', 'فايبر', 'FALSE', '30.8890214, 31.4426812', 160, 170, 230, 'U0043', 'FALSE', NULL, NULL, 'دبابه', NULL, NULL, '6000', '8000', NULL, NULL, 0),
('B0087', 'مستعمل', 85, 'ريفتراك', '2018', 2, 0, 0, 10, 'ألومنيوم', NULL, 'فايبر', 'FALSE', '30.8889534, 31.4426279', 225, 225, 440, NULL, 'FALSE', NULL, NULL, 'جامبو', NULL, NULL, '6000', '8500', NULL, NULL, 0),
('B0089', 'مستعمل', 85, 'كايرو فوم', '2018', 2, 0, 0, 10, 'ألومنيوم', NULL, 'فايبر', 'FALSE', '30.8890203, 31.4427051', 200, 210, 440, 'U0044', 'FALSE', NULL, NULL, 'جامبو', NULL, NULL, '7000', '10500', NULL, NULL, 0),
('B0090', 'مستعمل', 85, 'كايرو فوم', '2018', 2, 0, 0, 10, 'ألومنيوم', 'ألومنيوم', 'فايبر', 'FALSE', '30.8889601, 31.4426417', 200, 210, 440, 'U0046', 'FALSE', NULL, NULL, 'جامبو', NULL, NULL, '6500', '10000', NULL, NULL, 0),
('B0091', 'مستعمل', 85, 'كايرو فوم', '2020', 2, 0, 0, 10, 'ألومنيوم', 'ألومنيوم', 'فايبر', 'FALSE', '30.889104, 31.4426483', 200, 210, 440, 'U0045', 'FALSE', NULL, NULL, 'جامبو', NULL, NULL, '6500', '10000', NULL, NULL, 0),
('B0093', 'كسر زيرو', 90, 'ريفتراك', '2022', 2, 0, 0, 10, 'ألومنيوم', 'ستانليس', 'فايبر', 'FALSE', '30.8889527, 31.4426451', 210, 190, 330, NULL, 'FALSE', NULL, NULL, 'تلت', NULL, NULL, '4000', '6500', NULL, NULL, 0),
('B0094', 'مستعمل', 85, 'كايرو فوم', '2020', 2, 1, 0, 10, 'ألومنيوم', NULL, 'فايبر', 'FALSE', '30.8891286, 31.4427508', 180, 190, 310, NULL, 'FALSE', NULL, NULL, 'تلت', NULL, NULL, '3000', '4000', NULL, NULL, 0),
('B0096', 'مستعمل', 85, 'كايرو فوم', '2020', 2, 1, 0, 10, 'ألومنيوم', 'ألومنيوم', 'فايبر', 'FALSE', '30.8890681, 31.4427672', 180, 190, 320, NULL, 'FALSE', NULL, NULL, 'تلت', 'طبلية شركة', NULL, '2000', '3000', NULL, NULL, 0),
('B0097', 'كسر زيرو', 90, 'كايرو فوم', '2020', 2, 0, 0, 10, 'ألومنيوم', 'ألومنيوم', 'فايبر', 'FALSE', '30.8890862, 31.4426305', 180, 190, 310, 'U0047', 'FALSE', NULL, NULL, 'تلت', NULL, NULL, '4000', '6500', NULL, NULL, 0),
('B0272', NULL, 85, 'ريفتراك', '2020', 2, 1, 0, 10, 'ألومنيوم', NULL, 'فايبر', 'FALSE', '30.8889653, 31.4425882', 225, 225, 440, NULL, 'FALSE', NULL, NULL, 'جامبو', NULL, NULL, '6500', '9000', NULL, NULL, 0),
('B0098', 'كسر زيرو', 90, 'ريفتراك', '2018', 2, 1, 1, 5, 'ألومنيوم', NULL, 'فايبر', 'FALSE', '30.8891457, 31.4427455', 200, 190, 320, NULL, 'FALSE', NULL, NULL, 'تلت', NULL, NULL, '2300', '3500', NULL, NULL, 0),
('B0095', 'مستعمل', 85, 'ريفتراك', '2020', 2, 1, 0, 10, 'ألومنيوم', 'ستانليس', 'فايبر + صندوق سمك', 'FALSE', '30.8891722, 31.4427453', 225, 225, 440, NULL, 'TRUE', 'ريفتراك', NULL, 'جامبو', 'دعامات ألومنيوم', NULL, '8500', '14000', NULL, NULL, 0),
('B0101', 'كسر زيرو', 90, 'ريفتراك', '2020', 2, 0, 0, 10, 'ألومنيوم', NULL, 'فايبر', 'TRUE', '30.8892195, 31.4428908', 150, 170, 230, 'U0048', 'FALSE', NULL, NULL, 'دبابه', NULL, NULL, '6200', '8500', NULL, NULL, 0),
('B0102', 'كسر زيرو', 95, 'كايرو فوم', '2018', 2, 0, 0, 10, 'ألومنيوم', NULL, 'فايبر', 'FALSE', '30.88921, 31.4427532', 160, 170, 230, 'U0050', 'TRUE', 'كايروفوم', NULL, 'دبابه', 'خاص أسامه الفيشاوى', NULL, '', '7000', NULL, NULL, 0),
('B0103', 'كسر زيرو', 90, 'دلتا فوم', '2018', 2, 1, 0, 10, 'ألومنيوم', 'ألومنيوم', 'فايبر', 'FALSE', '30.889208, 31.4428716', 160, 170, 230, NULL, 'TRUE', 'دلتا فوم', NULL, 'دبابه', NULL, NULL, '2900', '3800', NULL, NULL, 0),
('B0146', 'كسر زيرو', 90, 'دلتا فوم', '2018', 2, 1, 0, 10, 'ألومنيوم', 'ألومنيوم', 'فايبر', 'FALSE', '30.8892299, 31.4428576', 160, 170, 230, NULL, 'TRUE', 'تجميع', NULL, 'دبابه', NULL, NULL, '2900', '3700', NULL, NULL, 0),
('B0106', 'كسر زيرو', 90, 'ريفتراك', '2018', 2, 1, 0, 10, 'ألومنيوم', 'ستانليس', 'فايبر', 'FALSE', '30.8891295, 31.4427012', 200, 215, 440, NULL, 'FALSE', NULL, NULL, 'جامبو', NULL, NULL, '6500', '9000', NULL, NULL, 0),
('B0275', 'مستعمل', 85, 'مصر بانل', '2018', 0, 2, 2, 10, 'ألومنيوم', NULL, 'فايبر', 'TRUE', '30.8891917, 31.4429252', 210, 210, 440, 'U0052', 'FALSE', NULL, NULL, 'جامبو _باليتات', 'طبلية_شركة\n', NULL, '4000', '7500', NULL, NULL, 0),
('B0099', 'مستعمل', 85, 'ريفتراك', '2018', 2, 2, 2, 10, 'ألومنيوم', NULL, 'فايبر', 'FALSE', '30.8889489, 31.4430522', 220, 220, 440, NULL, 'FALSE', NULL, NULL, 'جامبو', NULL, NULL, '7500', '11000', NULL, NULL, 0),
('B0274', 'كسر زيرو', 95, 'دلتا فوم', '2020', 2, 0, 0, 10, 'ألومنيوم', 'ألومنيوم', 'فايبر', 'FALSE', '30.8889626, 31.4426378', 160, 170, 230, 'U0053', 'TRUE', 'تجميع', NULL, 'دبابه', NULL, NULL, '6500', '8500', NULL, NULL, 0),
('B0118', 'مستعمل', 85, 'ريفتراك', '2015', 2, 1, 0, 10, 'ألومنيوم', NULL, 'فايبر', 'FALSE', '30.8889877, 31.4427205', 210, 220, 440, 'U0054', 'FALSE', NULL, NULL, 'جامبو', NULL, NULL, '5500', '10000', NULL, NULL, 0),
('B0104', 'كسر زيرو', 90, 'كايرو فوم', '2020', 2, 1, 0, 10, 'ألومنيوم', NULL, 'فايبر', 'FALSE', '30.8889923, 31.4426559', 160, 170, 230, NULL, 'FALSE', NULL, NULL, 'دبابه', NULL, NULL, '3300', '4200', NULL, NULL, 0),
('B0105', 'كسر زيرو', 95, 'ريفتراك', '2015', 2, 1, 0, 10, 'ألومنيوم', NULL, 'فايبر', 'FALSE', '30.889247, 31.4428749', 150, 170, 230, NULL, 'FALSE', NULL, NULL, 'دبابه', NULL, NULL, '4500', '5300', NULL, NULL, 0),
('B0092', 'مستعمل', 85, 'ريفتراك', '2013', 2, 0, 0, 10, 'ألومنيوم', NULL, 'فايبر', 'FALSE', '30.8892594, 31.4427431', 150, 168, 230, NULL, 'FALSE', NULL, NULL, 'دبابه', NULL, NULL, '2500', '3500', NULL, NULL, 0),
('B0088', 'كسر زيرو', 95, 'العالمية', '2020', 2, 0, 0, 10, 'ألومنيوم', 'ألومنيوم', 'فايبر', 'FALSE', 'معرض حماده عطيه', 160, 170, 230, NULL, 'FALSE', NULL, NULL, 'دبابه', NULL, NULL, '3200', '4300', NULL, NULL, 0),
('B0115', 'كسر زيرو', 90, 'كايرو فوم', '2018', 2, 1, 0, 10, 'ألومنيوم', NULL, 'فايبر', 'FALSE', '30.8892161, 31.4428188', 160, 170, 230, NULL, 'TRUE', 'كايروفوم', NULL, 'دبابه', NULL, NULL, '3300', '4400', NULL, NULL, 0),
('B0113', 'كسر زيرو', 90, 'ريفتراك', '2015', 2, 1, 0, 10, 'ألومنيوم', NULL, 'فايبر', 'TRUE', '30.8892794, 31.442832', 160, 170, 230, 'U0055', 'TRUE', 'تجميع', NULL, 'دبابه', NULL, NULL, '4500', '6500', NULL, NULL, 0),
('B0112', 'كسر زيرو', 90, 'ريفتراك', '2015', 2, 1, 0, 10, 'ألومنيوم', NULL, 'فايبر', 'TRUE', '30.88922, 31.44277', 150, 170, 230, NULL, 'FALSE', NULL, NULL, 'دبابه', NULL, NULL, '3000', '4500', NULL, NULL, 0),
('B0114', 'مستعمل', 85, 'ريفتراك', '2013', 2, 0, 0, 10, 'ألومنيوم', NULL, 'فايبر', 'FALSE', '30.8893342, 31.4428264', 150, 168, 230, NULL, 'TRUE', 'تجميع', NULL, 'دبابه', NULL, NULL, '2700', '3700', NULL, NULL, 0),
('B0140', 'مستعمل', 85, 'ريفتراك', '2013', 2, 1, 0, 10, 'ألومنيوم', NULL, 'فايبر', 'FALSE', '30.8892974, 31.4427571', 150, 170, 230, NULL, 'TRUE', 'تجميع', NULL, 'دبابه', NULL, NULL, '1700', '2700', NULL, NULL, 0),
('B0109', 'كسر زيرو', 90, 'العالمية', '2018', 2, 1, 0, 10, 'ألومنيوم', 'ألومنيوم', 'فايبر', 'FALSE', '30.8893223, 31.4429297', 160, 170, 230, NULL, 'TRUE', 'تجميع', NULL, 'دبابه', NULL, NULL, '3200', '4000', NULL, NULL, 0),
('B0266', 'مستعمل', 85, 'تجميع', '2018', 2, 0, 0, 10, 'ألومنيوم', NULL, 'فايبر', 'FALSE', '30.8893111, 31.4428424', 160, 170, 230, NULL, 'FALSE', NULL, NULL, 'دبابه', NULL, NULL, '2300', '3500', NULL, NULL, 0),
('B0125', 'مستعمل', 85, 'تجميع', '2018', 2, 0, 0, 10, 'ألومنيوم', 'ستانليس', 'فايبر', 'FALSE', '30.8893467, 31.4425117', 155, 170, 230, NULL, 'FALSE', NULL, NULL, 'دبابه', NULL, NULL, '2500', '3500', NULL, NULL, 0),
('B0126', 'مستعمل', 85, 'ريفتراك', '2013', 2, 0, 0, 10, 'ألومنيوم', NULL, 'فايبر', 'FALSE', '30.8894147, 31.4427877', 150, 168, 230, NULL, 'TRUE', 'تجميع', NULL, 'دبابه', NULL, NULL, '3000', '4500', NULL, NULL, 0),
('B0120', 'كسر زيرو', 90, 'ريفتراك', '2015', 2, 1, 0, 10, 'ألومنيوم', NULL, 'فايبر', 'TRUE', '30.889475, 31.4427233', 210, 220, 440, NULL, 'FALSE', NULL, NULL, 'جامبو', 'شيبسى', NULL, '6500', '9000', NULL, NULL, 0),
('B0121', 'كسر زيرو', 90, 'ريفتراك', '2020', 2, 1, 0, 10, 'ألومنيوم', NULL, 'فايبر', 'FALSE', '30.889495, 31.4427383', 170, 170, 230, NULL, 'FALSE', NULL, NULL, 'دبابه', NULL, NULL, '2700', '5300', NULL, NULL, 0),
('B0122', 'مستعمل', 85, 'ريفتراك', '2018', 2, 0, 0, 5, 'ألومنيوم', NULL, 'فايبر', 'FALSE', '30.889485, 31.4427485', 160, 170, 230, NULL, 'FALSE', NULL, NULL, 'دبابه', NULL, NULL, '2000', '3000', NULL, NULL, 0),
('B0123', 'كسر زيرو', 90, 'العالمية', '2018', 2, 1, 0, 10, 'ألومنيوم', 'ألومنيوم', 'فايبر', 'FALSE', '30.8894947, 31.4427611', 160, 170, 230, NULL, 'TRUE', 'العالمية', NULL, 'دبابه', NULL, NULL, '3200', '4200', NULL, NULL, 0),
('B0162', 'مستعمل', 85, 'كايرو فوم', '2018', 2, 1, 0, 10, 'ألومنيوم', NULL, 'فايبر', 'FALSE', '30.8894717, 31.4427683', 160, 170, 230, NULL, 'TRUE', 'كايروفوم', NULL, 'دبابه', NULL, NULL, '3200', '4200', NULL, NULL, 0),
('B0116', 'مستعمل', 80, 'IBC', '2010', 1, 1, 0, 10, NULL, NULL, 'فايبر', 'FALSE', '30.8894222, 31.4428022', 160, 165, 230, NULL, 'TRUE', 'ريفتراك', NULL, 'باليتات', NULL, NULL, '1700', '2500', NULL, NULL, 0),
('B0128', 'مستعمل', 85, 'IBC', '2015', 2, 1, 0, 10, 'ألومنيوم', NULL, 'فايبر', 'FALSE', '30.8894333, 31.44293', 160, 170, 230, NULL, 'FALSE', NULL, NULL, 'دبابه', NULL, NULL, '3000', '4000', NULL, NULL, 0),
('B0117', 'مستعمل', 80, 'العالمية', '2018', 2, 0, 0, 10, 'ألومنيوم', 'ألومنيوم', 'فايبر', 'FALSE', '30.8893894, 31.4428033', 165, 170, 230, NULL, 'FALSE', NULL, NULL, 'دبابه', NULL, NULL, '2000', '2700', NULL, NULL, 0),
('B0119', 'مستعمل', 85, 'العالمية', '2015', 1, 1, 0, 10, 'ألومنيوم', NULL, 'فايبر', 'FALSE', '30.8889779, 31.4426688', 155, 170, 230, NULL, 'FALSE', NULL, NULL, 'دبابه', NULL, NULL, '1500', '2300', NULL, NULL, 0),
('B0161', 'مستعمل', 85, 'العالمية', '2014', 1, 1, 0, 10, 'ألومنيوم', NULL, 'فايبر', 'FALSE', '30.8892719, 31.4429658', 155, 170, 230, NULL, 'FALSE', NULL, NULL, 'دبابه', NULL, NULL, '1500', '2300', NULL, NULL, 0),
('B0160', 'مستعمل', 85, 'الهداية', '2018', 2, 0, 0, 10, 'ألومنيوم', 'ستانليس', 'فايبر', 'FALSE', '30.8893035, 31.4428383', 160, 170, 230, NULL, 'FALSE', NULL, NULL, 'دبابه', NULL, NULL, '2500', '3500', NULL, NULL, 0),
('B0158', 'مستعمل', 80, 'ريفتراك', '2018', 2, 1, 0, 10, NULL, NULL, 'فايبر', 'TRUE', '30.8889837, 31.4425578', 230, 225, 440, NULL, 'FALSE', NULL, NULL, 'جامبو', NULL, NULL, '6000', '8500', NULL, NULL, 0),
('B0163', 'مستعمل', 85, 'ريفتراك', '2018', 2, 1, 0, 10, 'ألومنيوم', NULL, 'فايبر', 'FALSE', '30.8890283, 31.4432857', 210, 220, 440, NULL, 'FALSE', NULL, NULL, 'جامبو', NULL, NULL, '6000', '8000', NULL, NULL, 0),
('B0157', 'مستعمل', 75, 'ريفتراك', '2018', 2, 1, 0, 10, 'ألومنيوم', 'ستانليس', 'فايبر', 'FALSE', '30.889584, 31.4429754', 195, 222, 440, NULL, 'FALSE', NULL, NULL, 'جامبو', NULL, NULL, '3500', '6500', NULL, NULL, 0),
('B0155', 'مستعمل', 75, 'كايرو فوم', '2018', 2, 1, 0, 10, 'ألومنيوم', NULL, 'فايبر', 'TRUE', '30.8889881, 31.4420978', 170, 170, 230, NULL, 'TRUE', 'تجميع', NULL, 'دبابه', NULL, NULL, '1700', '2500', NULL, NULL, 0),
('B0154', 'مستعمل', 85, 'IBC', '2018', 2, 1, 0, 10, 'ألومنيوم', NULL, 'فايبر', 'FALSE', 'معرض حماده عطيه', 160, 170, 230, NULL, 'FALSE', NULL, NULL, 'دبابه', NULL, NULL, '3000', '4000', NULL, NULL, 0),
('B0151', 'كسر زيرو', 90, 'كايرو فوم', '2018', 2, 1, 0, 10, 'ألومنيوم', NULL, 'فايبر', 'FALSE', 'معرض حماده عطيه', 160, 170, 230, NULL, 'TRUE', 'كايروفوم', NULL, 'دبابه', NULL, NULL, '3200', '4200', NULL, NULL, 0),
('B0152', 'مستعمل', 85, 'IBC', '2018', 2, 1, 0, 10, 'ألومنيوم', NULL, 'فايبر', 'FALSE', '30.8889508, 31.4426719', 160, 170, 230, NULL, 'FALSE', NULL, NULL, 'دبابه', NULL, NULL, '3000', '4000', NULL, NULL, 0),
('B0124', 'مستعمل', 70, 'الطحان', '2018', 2, 1, 0, 10, 'ألومنيوم', NULL, 'فايبر', 'FALSE', '30.8893408, 31.4427321', 180, 170, 230, NULL, 'FALSE', NULL, NULL, 'دبابه', NULL, NULL, '1800', '2800', NULL, NULL, 0),
('B0150', 'مستعمل', 85, 'كايرو فوم', '2015', 2, 1, 1, 10, 'ألومنيوم', 'ألومنيوم', 'فايبر', 'FALSE', '30.8895289, 31.4429629', 220, 210, 440, NULL, 'FALSE', NULL, NULL, 'جامبو', 'طبلية شركة', NULL, '3000', '6000', NULL, NULL, 0),
('B0149', 'مستعمل', 70, 'كايرو فوم', '2015', 2, 1, 0, 10, 'ألومنيوم', 'ألومنيوم', 'فايبر', 'FALSE', '30.88955, 31.4428333', 150, 170, 230, NULL, 'FALSE', NULL, NULL, 'دبابه', NULL, NULL, '1300', '2500', NULL, NULL, 0),
('B0148', 'مستعمل', 70, 'ريفتراك', '2015', 2, 0, 0, 10, 'ألومنيوم', NULL, 'فايبر', 'FALSE', '30.8889925, 31.4425191', 160, 170, 230, NULL, 'FALSE', NULL, NULL, 'دبابه', NULL, NULL, '2700', '4000', NULL, NULL, 0),
('B0145', 'مستعمل', 70, 'كايرو فوم', '2015', 2, 1, 0, 10, 'ألومنيوم', 'ألومنيوم', 'فايبر', 'FALSE', '30.8889535, 31.4426719', 160, 170, 230, NULL, 'TRUE', 'كايروفوم', NULL, 'دبابه', NULL, NULL, '1700', '3000', NULL, NULL, 0),
('B0137', 'مستعمل', 85, 'كايرو فوم', '2020', 2, 1, 0, 10, 'ألومنيوم', NULL, 'فايبر', 'FALSE', '30.8894754, 31.4428155', 160, 170, 230, NULL, 'FALSE', NULL, NULL, 'دبابه', NULL, NULL, '3250', '4100', NULL, NULL, 0),
('B0138', 'مستعمل', 70, 'كايرو فوم', '2017', 2, 1, 0, 10, 'ألومنيوم', NULL, 'فايبر', 'FALSE', '30.8894041, 31.4428452', 160, 170, 230, NULL, 'TRUE', 'كايروفوم', NULL, 'دبابه', NULL, NULL, '3200', '4300', NULL, NULL, 0),
('B0166', 'مستعمل', 70, 'ريفتراك', '2015', 2, 1, 0, 10, 'ألومنيوم', NULL, 'فايبر', 'FALSE', '30.8894339, 31.4427313', 160, 170, 230, NULL, 'FALSE', NULL, NULL, 'دبابه', NULL, NULL, '1500', '#VALUE!', NULL, NULL, 0),
('B0167', 'مستعمل', 70, 'كايرو فوم', '2015', 2, 0, 0, 10, 'ألومنيوم', NULL, 'فايبر', 'FALSE', '30.8894541, 31.442811', 160, 170, 230, NULL, 'FALSE', NULL, NULL, 'دبابه', NULL, NULL, '1700', '2700', NULL, NULL, 0),
('B0156', 'مستعمل', 70, 'كايرو فوم', '2017', 2, 0, 0, 10, 'ألومنيوم', NULL, 'فايبر', 'FALSE', '30.8898202, 31.4428177', 160, 170, 230, 'U0056', 'TRUE', 'كايروفوم', NULL, 'دبابه', NULL, NULL, '4300', '6500', NULL, NULL, 0),
('B0139', 'كسر زيرو', 90, 'كايرو فوم', '2018', 2, 1, 0, 10, 'ألومنيوم', NULL, 'فايبر', 'FALSE', '30.8893317, 31.4425883', 160, 170, 230, 'U0057', 'TRUE', 'كايروفوم', NULL, 'دبابه', NULL, NULL, '3200', '4000', NULL, NULL, 0),
('B0147', 'كسر زيرو', 90, 'كايرو فوم', '2018', 2, 1, 0, 10, 'ألومنيوم', NULL, 'فايبر', 'FALSE', '30.889415, 31.4427417', 160, 170, 230, NULL, 'TRUE', 'كايروفوم', NULL, 'دبابه', NULL, NULL, '3250', '4200', NULL, NULL, 0),
('B0280', 'كسر زيرو', 95, 'ريفتراك', '2020', 2, 1, 0, 5, 'ألومنيوم', NULL, 'فايبر', 'TRUE', '30.8891479, 31.442395', 160, 170, 230, NULL, 'FALSE', NULL, NULL, 'دبابه', NULL, NULL, '3800', '5000', NULL, NULL, 0),
('B0134', 'مستعمل', 85, 'ريفتراك', '2018', 2, 1, 0, 10, 'فايبر', 'ستانليس', 'فايبر', 'FALSE', '30.8894376, 31.4426403', 200, 220, 440, NULL, 'FALSE', NULL, NULL, 'جامبو', NULL, NULL, '3500', '6000', NULL, NULL, 0),
('B0136', 'مستعمل', 75, 'تجميع', '2015', 2, 1, 0, 5, 'ألومنيوم', NULL, 'فايبر', 'FALSE', '30.8894533, 31.4427933', 160, 170, 230, NULL, 'TRUE', 'تجميع', NULL, 'دبابه', NULL, NULL, '900', '1600', NULL, NULL, 0),
('B0135', 'كسر زيرو', 90, 'دلتا فوم', '2015', 2, 1, 0, 10, 'ألومنيوم', 'ألومنيوم', 'فايبر', 'FALSE', '30.889445, 31.44279', 160, 170, 230, NULL, 'FALSE', NULL, NULL, 'دبابه', NULL, NULL, '2850', '3800', NULL, NULL, 0),
('B0132', 'كسر زيرو', 90, NULL, '2018', 2, 0, 0, 10, 'ألومنيوم', 'ألومنيوم', 'فايبر', 'FALSE', '30.889327, 31.4428833', 160, 170, 230, 'U0058', 'TRUE', 'تجميع', NULL, 'دبابه', NULL, NULL, '4500', '6500', NULL, NULL, 0),
('B0131', 'مستعمل', 80, 'كايرو فوم', '2015', 2, 1, 0, 10, 'ألومنيوم', 'ألومنيوم', 'فايبر', 'FALSE', '30.8893865, 31.4428005', 220, 220, 568, NULL, 'FALSE', NULL, NULL, 'جامبو', 'طبلية شركة', NULL, '4200', '7000', NULL, NULL, 0),
('B0130', 'مستعمل', 70, 'مصر بانل', '2013', 1, 1, 0, 5, 'ألومنيوم', NULL, 'فايبر', 'FALSE', '30.89978, 31.4444217', 160, 170, 230, NULL, 'FALSE', NULL, NULL, 'دبابه', NULL, NULL, '700', '1300', NULL, NULL, 0),
('B0127', 'مستعمل', 85, 'ريفتراك', '2015', 0, 2, 0, 5, 'ألومنيوم', NULL, 'ستانليس+جدران', 'FALSE', '30.8892637, 31.4426548', 185, 170, 300, 'U0059', 'FALSE', NULL, NULL, 'باليتات', 'باليتات', NULL, '3500', '6500', NULL, NULL, 0),
('B0159', 'مستعمل', 80, 'تجميع', '2015', 0, 1, 0, 10, 'ألومنيوم', NULL, 'فايبر', 'FALSE', '30.8893471, 31.4424682', 126, 123, 175, NULL, 'FALSE', NULL, NULL, 'تروسيكل', NULL, NULL, '1100', '1300', NULL, NULL, 0),
('B0129', 'مستعمل', 80, 'كايرو فوم', '2013', 2, 0, 0, 10, 'ألومنيوم', 'ألومنيوم', 'فايبر', 'FALSE', '30.8892653, 31.4428265', 160, 170, 230, NULL, 'FALSE', NULL, NULL, 'دبابه', NULL, NULL, '1500', '2300', NULL, NULL, 0),
('B0165', 'مستعمل', 85, 'الصالحية', '2017', 0, 2, 2, 5, 'ألومنيوم', NULL, 'فايبر', 'FALSE', '30.8893231, 31.4427561', 160, 170, 230, NULL, 'FALSE', NULL, NULL, 'دبابه', NULL, NULL, '1700', '2700', NULL, NULL, 0),
('B0144', 'مستعمل', 80, 'تجميع', '2015', 2, 1, 0, 10, 'ألومنيوم', 'فايبر', 'فايبر', 'FALSE', '30.8894093, 31.4429429', 160, 165, 230, NULL, 'TRUE', 'تجميع', NULL, 'دبابه', NULL, NULL, '1700', '2300', NULL, NULL, 0),
('B0222', 'مستعمل', 75, 'ريفتراك', '2018', 1, 1, 0, 10, 'فايبر', NULL, 'فايبر', 'FALSE', '30.8892018, 31.4425863', 160, 170, 230, NULL, 'TRUE', 'تجميع', NULL, 'باليتات', NULL, NULL, '1500', '2300', NULL, NULL, 0),
('B0170', 'مستعمل', 80, 'IBC', '2018', 2, 1, 0, 10, 'ألومنيوم', 'ألومنيوم', 'فايبر', 'FALSE', '30.8896314, 31.4424167', 202, 220, 440, NULL, 'FALSE', NULL, NULL, 'جامبو', 'طبلية بيكي', NULL, '4000', '6500', NULL, NULL, 0),
('B0169', 'مستعمل', 85, 'ريفتراك', '2018', 2, 2, 0, 10, 'ألومنيوم', 'ستانليس', 'فايبر', 'FALSE', '30.8891892, 31.4426881', 220, 220, 550, NULL, 'FALSE', NULL, NULL, 'جامبو 6م', 'عربية ٦م', NULL, '4500', '8500', NULL, NULL, 0),
('B0223', 'مستعمل', 85, 'ريفتراك', '2018', 2, 1, 0, 10, 'ألومنيوم', NULL, 'فايبر', 'FALSE', '30.889526, 31.4430945', 210, 220, 440, NULL, 'FALSE', NULL, NULL, 'جامبو', NULL, NULL, '4000', '6500', NULL, NULL, 0),
('B0178', 'مستعمل', 70, 'ريفتراك', '2018', 2, 1, 0, 10, 'ألومنيوم', NULL, 'فايبر', 'TRUE', '30.8891747, 31.4427928', 230, 230, 500, NULL, 'FALSE', NULL, NULL, 'جامبو', NULL, NULL, '5800', '#VALUE!', NULL, NULL, 0),
('B0279', 'مستعمل', 80, 'ريفتراك', '2018', 2, 1, 0, 10, 'ألومنيوم', NULL, 'فايبر', 'FALSE', '30.8891372, 31.4423671', 150, 168, 230, NULL, 'FALSE', NULL, NULL, 'دبابه', NULL, NULL, '2700', '4000', NULL, NULL, 0),
('B0242', 'ورشة', 70, 'ريفتراك', '2018', 2, 1, 0, 10, 'ألومنيوم', 'ستانليس', 'فايبر', 'TRUE', '30.8893951, 31.4430778', 200, 225, 440, NULL, 'FALSE', NULL, NULL, 'جامبو', 'دعامات ألومنيوم سمك', NULL, '4500', '#VALUE!', NULL, NULL, 0),
('B0175', 'مستعمل', 70, 'IBC', '2017', 2, 0, 0, 10, 'ألومنيوم', 'ألومنيوم', 'فايبر', 'FALSE', '30.8888449, 31.4423354', 160, 170, 230, NULL, 'FALSE', NULL, NULL, 'دبابه', NULL, NULL, '1000', '#VALUE!', NULL, NULL, 0),
('B0177', 'مستعمل', 85, 'ريفتراك', '2017', 2, 0, 0, 5, 'ألومنيوم', NULL, 'فايبر', 'FALSE', '30.8893412, 31.4428474', 160, 170, 230, NULL, 'FALSE', NULL, NULL, 'دبابه', NULL, NULL, '2000', '3000', NULL, NULL, 0),
('B0174', 'مستعمل', 70, 'ريفتراك', '2017', 2, 1, 0, 10, 'ألومنيوم', NULL, 'فايبر', 'FALSE', '30.8895341, 31.4424472', 200, 230, 440, 'U0061', 'FALSE', NULL, NULL, 'جامبو', NULL, NULL, '4500', '#VALUE!', NULL, NULL, 0),
('B0172', 'مستعمل', 70, 'ريفتراك', '2015', 2, 0, 0, 10, 'فايبر', 'ستانليس', 'فايبر', 'FALSE', '30.8892662, 31.4429682', 155, 175, 230, NULL, 'FALSE', NULL, NULL, 'دبابه', NULL, NULL, '1300', '1700', NULL, NULL, 0),
('B0173', 'كرفان', 70, 'ريفتراك', '2015', 1, 1, 0, 10, 'فايبر', NULL, 'فايبر', 'FALSE', '30.8893296, 31.4430407', 160, 170, 230, NULL, 'FALSE', NULL, NULL, 'دبابه', NULL, NULL, '700', '1400', NULL, NULL, 0),
('B0176', 'مستعمل', 75, 'كايرو فوم', '2018', 2, 0, 0, 10, 'ألومنيوم', 'ألومنيوم', 'فايبر', 'FALSE', '30.8894864, 31.4429564', 160, 170, 230, NULL, 'TRUE', 'تجميع', NULL, 'دبابه', NULL, NULL, '2000', '3500', NULL, NULL, 0),
('B0189', 'مستعمل', 70, 'آيس ماك', '2018', 2, 0, 0, 10, 'ألومنيوم', 'ألومنيوم', 'فايبر', 'FALSE', '30.889245, 31.4429767', 150, 168, 230, 'U0062', 'FALSE', NULL, NULL, 'دبابه', NULL, NULL, '1700', '3800', NULL, NULL, 0),
('B0188', 'مستعمل', 70, 'تجميع', '2015', 2, 1, 0, 10, 'ألومنيوم', NULL, 'لا يوجد', 'FALSE', '30.8890356, 31.4426026', 160, 170, 230, NULL, 'FALSE', NULL, NULL, 'دبابه', 'بدون أرضية', NULL, '500', '1000', NULL, NULL, 0),
('B0193', 'مستعمل', 70, 'الطحان', '2015', 2, 0, 0, 10, 'ألومنيوم', NULL, 'فايبر', 'FALSE', '30.8896264, 31.4425479', 160, 170, 230, 'U0063', 'FALSE', NULL, NULL, 'دبابه', NULL, NULL, '1500', '3500', NULL, NULL, 0),
('B0190', 'مستعمل', 70, 'تجميع', '2017', 2, 1, 0, 10, 'ألومنيوم', 'فايبر', 'فايبر', 'FALSE', '30.8894, 31.4430783', 150, 165, 230, NULL, 'TRUE', 'تجميع', NULL, 'دبابه', NULL, NULL, '1100', '1700', NULL, NULL, 0),
('B0194', 'مستعمل', 70, 'تجميع', '2015', 0, 1, 1, 10, 'ستانليس', NULL, 'فايبر', 'FALSE', '30.8892298, 31.442718', 150, 165, 230, NULL, 'FALSE', NULL, NULL, 'دبابه', NULL, NULL, '500', '1000', NULL, NULL, 0),
('B0186', 'مستعمل', 80, 'ريفتراك', '2015', 1, 1, 0, 5, 'فايبر', NULL, 'فايبر', 'FALSE', '30.8891362, 31.4426776', 150, 165, 230, NULL, 'FALSE', NULL, NULL, 'دبابه', NULL, NULL, '1000', '1500', NULL, NULL, 0),
('B0191', 'مستعمل', 80, 'كايرو فوم', '2017', 2, 1, 0, 10, 'ألومنيوم', 'ألومنيوم', 'فايبر', 'FALSE', '30.8893067, 31.4426828', 160, 170, 230, 'U0064', 'FALSE', NULL, NULL, 'دبابه', NULL, NULL, '2000', '3800', NULL, NULL, 0),
('B0184', 'مستعمل', 80, 'ريفتراك', '2017', 1, 1, 0, 10, 'ألومنيوم', NULL, 'فايبر', 'TRUE', '30.889239, 31.4426563', 150, 168, 230, NULL, 'FALSE', NULL, NULL, 'دبابه', NULL, NULL, '1200', '2200', NULL, NULL, 0),
('B0185', 'مستعمل', 80, 'IBC', '2017', 1, 1, 0, 10, 'ألومنيوم', NULL, 'فايبر', 'FALSE', '30.8895256, 31.4429057', 160, 170, 230, NULL, 'TRUE', 'تجميع', NULL, 'دبابه', NULL, NULL, '1300', '2000', NULL, NULL, 0),
('B0182', 'مستعمل', 80, 'كايرو فوم', '2017', 2, 0, 0, 10, 'ألومنيوم', 'ألومنيوم', 'فايبر', 'FALSE', '30.889422, 31.4431145', 159, 165, 230, NULL, 'FALSE', NULL, NULL, 'دبابه', NULL, NULL, '1300', '2500', NULL, NULL, 0),
('B0183', 'مستعمل', 80, 'كايرو فوم', '2015', 2, 0, 0, 10, 'ألومنيوم', 'ألومنيوم', 'فايبر', 'FALSE', '30.8893607, 31.4430564', 160, 168, 230, NULL, 'FALSE', NULL, NULL, 'دبابه', NULL, NULL, '1300', '2300', NULL, NULL, 0),
('B0180', 'مستعمل', 80, 'كايرو فوم', '2017', 2, 0, 0, 10, 'ألومنيوم', 'ألومنيوم', 'فايبر', 'FALSE', '30.8892578, 31.4428957', 160, 170, 230, NULL, 'TRUE', 'تجميع', NULL, 'دبابه', NULL, NULL, '1500', '2500', NULL, NULL, 0),
('B0181', 'مستعمل', 80, 'ريفتراك', '2017', 2, 1, 0, 10, 'ألومنيوم', NULL, 'فايبر', 'FALSE', '30.8889298, 31.4424551', 160, 170, 230, 'U0066', 'FALSE', NULL, NULL, 'دبابه', NULL, NULL, '2700', '4500', NULL, NULL, 0),
('B0107', 'مستعمل', 85, 'كايرو فوم', '2018', 2, 0, 0, 10, 'ألومنيوم', NULL, 'فايبر', 'FALSE', '30.8889313, 31.442456', 160, 170, 230, 'U0067', 'TRUE', 'كايرو فوم', NULL, 'دبابه', NULL, NULL, '4300', '6500', NULL, NULL, 0),
('B0273', 'كسر زيرو', 95, 'كايرو فوم', '2018', 2, 1, 0, 10, 'ألومنيوم', 'ألومنيوم', 'فايبر', 'FALSE', '30.8888917, 31.4426', 160, 170, 230, 'U0068', 'FALSE', NULL, NULL, 'دبابه', NULL, NULL, '6300', '8500', NULL, NULL, 0),
('B0202', 'مستعمل', 85, 'ريفتراك', '2018', 2, 0, 0, 10, 'ألومنيوم', NULL, 'فايبر', 'FALSE', '30.8890933, 31.4425483', 170, 170, 230, 'U0065', 'FALSE', NULL, NULL, 'دبابه', NULL, NULL, '6000', '11500', NULL, NULL, 0),
('B0171', 'كسر زيرو', 95, 'آيس ماك', '2018', 2, 1, 0, 10, 'ألومنيوم', 'ألومنيوم', 'ستانليس', 'FALSE', '30.888471, 31.442715', 200, 210, 440, NULL, 'FALSE', NULL, NULL, 'جامبو', 'طبلية شركة مكردنة', NULL, '4000', '7000', NULL, NULL, 0),
('B0276', 'مستعمل', 70, 'مصر بانل', '2015', 1, 1, 0, 5, 'فايبر', NULL, 'فايبر', 'FALSE', '30.8888317, 31.4427683', 160, 170, 230, NULL, 'FALSE', NULL, NULL, 'دبابه', NULL, NULL, '500', NULL, NULL, NULL, 0),
('B0192', 'مستعمل', 80, 'IBC', '2018', 2, 2, 0, 10, 'ألومنيوم', 'ستانليس', 'مجرى ألومنيوم', 'TRUE', '30.8889197, 31.4424966', 200, 225, 440, NULL, 'FALSE', NULL, NULL, 'جامبو', NULL, NULL, '3500', '6500', NULL, NULL, 0),
('B0195', 'مستعمل', 75, 'IBC', '2020', 2, 2, 0, 10, 'ألومنيوم', 'ألومنيوم', 'مجرى ألومنيوم', 'FALSE', '30.8889056, 31.4424731', 200, 225, 440, NULL, 'FALSE', NULL, NULL, 'جامبو', 'طبلية مكردنة', NULL, '2000', NULL, NULL, NULL, 0),
('B0199', 'مستعمل', 75, 'ريفتراك', '2017', 2, 1, 0, 10, 'ألومنيوم', NULL, 'فايبر', 'FALSE', '30.8890294, 31.4426934', 220, 220, 440, NULL, 'FALSE', NULL, NULL, 'جامبو', NULL, NULL, '2000', '4500', NULL, NULL, 0),
('B0196', 'مستعمل', 85, 'IBC', '2018', 2, 2, 0, 10, 'ألومنيوم', 'ألومنيوم', 'مجرى ألومنيوم', 'TRUE', '30.8888667, 31.442605', 210, 230, 440, 'U0070', 'FALSE', NULL, NULL, 'جامبو', NULL, NULL, '4500', '8500', NULL, NULL, 0),
('B0277', 'مستعمل', 80, 'ريفتراك', '2018', 2, 2, 0, 10, 'ألومنيوم', NULL, 'مجرى ألومنيوم', 'FALSE', '30.888805, 31.4424305', 210, 220, 440, 'U0071', 'FALSE', NULL, NULL, 'جامبو', NULL, NULL, '5500', '10000', NULL, NULL, 0),
('B0204', 'مستعمل', 85, 'ريفتراك', '2020', 2, 1, 0, 10, 'ألومنيوم', NULL, 'فايبر', 'TRUE', '30.889038, 31.4425124', 200, 220, 440, 'U0072', 'FALSE', NULL, NULL, 'جامبو', NULL, NULL, '6500', '11000', NULL, NULL, 0),
('B0207', 'مستعمل', 85, NULL, '2015', 2, 1, 0, 10, 'ألومنيوم', 'ستانليس', 'فايبر', 'FALSE', '30.8890518, 31.4427296', 210, 220, 440, NULL, 'FALSE', NULL, NULL, 'جامبو', NULL, NULL, '4500', '7500', NULL, NULL, 0),
('B0203', 'كسر زيرو', 90, 'ريفتراك', '2017', 2, 1, 0, 10, 'ألومنيوم', 'ستانليس', 'فايبر', 'TRUE', '30.8889978, 31.4426394', 200, 220, 440, 'U0073', 'FALSE', NULL, NULL, 'جامبو', NULL, NULL, '7500', '11500', NULL, NULL, 0),
('B0205', 'مستعمل', 80, 'دلتا فوم', '2018', 2, 1, 0, 10, 'ألومنيوم', 'ألومنيوم', 'فايبر', 'FALSE', '30.8890804, 31.4426439', 200, 210, 440, NULL, 'FALSE', NULL, NULL, 'جامبو', NULL, NULL, '3500', '5500', NULL, NULL, 0),
('B0201', 'كسر زيرو', 90, 'ريفتراك', '2018', 2, 2, 0, 10, 'ألومنيوم', NULL, 'مجرى ألومنيوم', 'TRUE', '30.889183, 31.4427963', 210, 230, 440, NULL, 'FALSE', NULL, NULL, 'جامبو', NULL, NULL, '3500', '7500', NULL, NULL, 0),
('B0200', 'مستعمل', 80, 'IBC', '2018', 2, 1, 0, 10, 'ألومنيوم', NULL, 'فايبر', 'FALSE', '30.8890638, 31.4427596', 150, 168, 230, 'U0074', 'TRUE', 'تجميع', NULL, 'دبابه', NULL, NULL, '3500', '5500', NULL, NULL, 0),
('B0206', 'مستعمل', 80, 'كايرو فوم', '2018', 2, 1, 0, 10, 'ألومنيوم', 'ألومنيوم', 'فايبر', 'FALSE', 'معرض حماده عطيه', 160, 170, 230, 'U0075', 'FALSE', NULL, NULL, 'دبابه', NULL, NULL, '6200', '8500', NULL, NULL, 0),
('B0133', 'مستعمل', 80, 'ريفتراك', '2018', 2, 0, 0, 10, 'ألومنيوم', NULL, 'فايبر', 'FALSE', '30.8891988, 31.4427216', 150, 170, 230, 'U0113', 'FALSE', NULL, NULL, 'دبابه', NULL, NULL, '4300', '11500', NULL, NULL, 0),
('B0217', 'كسر زيرو', 90, 'ريفتراك', '2018', 2, 2, 2, 10, 'ألومنيوم', NULL, 'فايبر', 'TRUE', '30.8890257, 31.4426951', 210, 225, 440, NULL, 'FALSE', NULL, NULL, 'جامبو', NULL, NULL, '7500', '11000', NULL, NULL, 0),
('B0210', 'مستعمل', 85, 'كايرو فوم', '2018', 2, 1, 1, 10, 'ألومنيوم', NULL, 'فايبر', 'FALSE', '30.8889933, 31.4426883', 150, 150, 190, NULL, 'FALSE', NULL, NULL, 'سوزوكى', NULL, NULL, '1800', '2700', NULL, NULL, 0),
('B0218', 'مستعمل', 85, 'IBC', '2018', 2, 0, 0, 10, 'ألومنيوم', 'ستانليس', 'فايبر', 'FALSE', '30.8889582, 31.4425938', 200, 210, 440, 'U0077', 'FALSE', NULL, NULL, 'جامبو', 'طبلية مكردنة', NULL, '5000', '8500', NULL, NULL, 0),
('B0211', 'مستعمل', 85, 'كايرو فوم', '2018', 2, 1, 0, 10, 'ألومنيوم', 'ألومنيوم', 'فايبر', 'FALSE', '30.8890012, 31.4426663', 160, 170, 230, 'U0076', 'FALSE', NULL, NULL, 'دبابه', NULL, NULL, '6200', '8500', NULL, NULL, 0),
('B0209', 'مستعمل', 80, 'ريفتراك', '2018', 2, 1, 1, 5, 'ألومنيوم', NULL, 'فايبر', 'TRUE', 'معرض حماده عطيه', 190, 195, 310, NULL, 'FALSE', NULL, NULL, 'تلت', NULL, NULL, '2400', '3500', NULL, NULL, 0),
('B0220', NULL, 85, 'ريفتراك', '2018', 2, 1, 0, 10, 'ألومنيوم', 'ستانليس', 'فايبر', 'TRUE', '30.8889495, 31.4426488', 200, 220, 440, NULL, 'FALSE', NULL, NULL, 'جامبو', NULL, NULL, '4500', '7000', NULL, NULL, 0),
('B0212', 'كسر زيرو', 90, 'ريفتراك', '2018', 2, 1, 0, 10, 'ألومنيوم', NULL, 'فايبر', 'FALSE', '30.8889503, 31.4426533', 210, 220, 440, 'U0079', 'FALSE', NULL, NULL, 'جامبو', NULL, NULL, '5500', '11000', NULL, NULL, 0),
('B0040', 'كسر زيرو', 95, 'ريفتراك', '2020', 2, 1, 0, 10, 'ألومنيوم', NULL, 'فايبر', 'FALSE', '30.8889543, 31.4426706', 180, 170, 230, 'U0080', 'TRUE', 'ريفتراك', NULL, 'دبابه', 'شراكه-محمود زيدان', NULL, '', '11000', NULL, NULL, 0),
('B0215', 'كسر زيرو', 90, 'مصر بانل', '2020', 2, 0, 0, 10, 'ألومنيوم', NULL, 'فايبر', 'FALSE', '30.8889112, 31.4426009', 150, 150, 190, NULL, 'FALSE', NULL, NULL, 'سوزوكى', NULL, NULL, '1700', '2400', NULL, NULL, 0),
('B0221', 'كسر زيرو', 90, 'ريفتراك', '2020', 2, 1, 0, 10, 'ألومنيوم', NULL, 'فايبر', 'TRUE', '30.8888966, 31.4425874', 230, 225, 440, NULL, 'FALSE', NULL, NULL, 'جامبو', NULL, NULL, '6300', '9000', NULL, NULL, 0),
('B0284', 'مستعمل', 80, 'ريفتراك', '2018', 2, 1, 0, 10, 'ألومنيوم', NULL, 'فايبر', 'TRUE', '30.8890061, 31.4429115', 190, 190, 320, NULL, 'FALSE', NULL, NULL, 'تلت', NULL, NULL, '2000', '3500', NULL, NULL, 0),
('B0244', 'مستعمل', 75, 'IBC', '2017', 2, 2, 0, 10, 'ألومنيوم', 'ألومنيوم', 'مجرى ألومنيوم', 'TRUE', '30.8890895, 31.4427025', 200, 230, 440, NULL, 'FALSE', NULL, NULL, 'جامبو', NULL, NULL, '2500', '5500', NULL, NULL, 0),
('B0243', 'مستعمل', 75, 'ريفتراك', '2015', 2, 0, 0, 10, 'ألومنيوم', 'ستانليس', 'فايبر', 'FALSE', '30.8889089, 31.4426671', 190, 190, 320, 'U0082', 'FALSE', NULL, NULL, 'تلت', NULL, NULL, '3000', '6000', NULL, NULL, 0),
('B0236', 'مستعمل', 75, 'IBC', '2017', 2, 1, 0, 10, 'ألومنيوم', NULL, 'فايبر', 'TRUE', '30.8887382, 31.4428331', 190, 190, 310, 'U0083', 'FALSE', NULL, NULL, 'تلت', NULL, NULL, '3500', '5500', NULL, NULL, 0),
('B0237', 'مستعمل', 75, 'ريفتراك', '2017', 2, 0, 0, 10, 'ألومنيوم', NULL, 'فايبر', 'TRUE', '30.8889778, 31.443153', 190, 190, 310, NULL, 'FALSE', NULL, NULL, 'تلت', NULL, NULL, '2500', '5000', NULL, NULL, 0),
('B0238', 'مستعمل', 80, 'ريفتراك', '2017', 2, 1, 0, 10, 'فايبر', NULL, 'فايبر', 'TRUE', '30.8888349, 31.4431068', 200, 220, 440, 'U0084', 'FALSE', NULL, NULL, 'جامبو', NULL, NULL, '6000', '11000', NULL, NULL, 0),
('B0246', 'مستعمل', 70, 'مصر بانل', '2013', 1, 1, 0, 5, 'ألومنيوم', NULL, 'صاج', 'FALSE', '30.8891382, 31.4431324', 164, 160, 230, NULL, 'FALSE', NULL, NULL, 'دبابه', NULL, NULL, '400', '1000', NULL, NULL, 0),
('B0241', 'مستعمل', 70, 'IBC', '2017', 2, 1, 0, 10, 'ألومنيوم', NULL, 'فايبر', 'FALSE', '30.8891349, 31.443197', 190, 190, 310, NULL, 'FALSE', NULL, NULL, 'تلت', NULL, NULL, '2200', '4000', NULL, NULL, 0),
('B0278', 'مستعمل', 70, 'كايرو فوم', '2017', 1, 1, 0, 10, 'ألومنيوم', NULL, 'فايبر', 'FALSE', '30.8885905, 31.4430064', 150, 168, 230, NULL, 'TRUE', 'كايرو فوم', NULL, 'دبابه', NULL, NULL, '700', '1100', NULL, NULL, 0),
('B0256', 'مستعمل', 70, 'ريفتراك', '2017', 2, 1, 0, 10, 'ألومنيوم', NULL, 'فايبر', 'FALSE', '30.8889165, 31.4426361', 160, 170, 230, NULL, 'FALSE', NULL, NULL, 'دبابه', 'زبون', NULL, '', '', NULL, NULL, 0),
('B0245', 'كرفان', 70, NULL, '2015', 2, 0, 0, 10, 'ألومنيوم', NULL, 'فايبر', 'TRUE', '30.8889398, 31.4428954', 200, 210, 440, NULL, 'FALSE', NULL, NULL, 'جامبو', NULL, NULL, '1000', '2000', NULL, NULL, 0),
('B0254', 'مستعمل', 70, 'IBC', '2015', 1, 1, 0, 10, NULL, NULL, 'فايبر', 'FALSE', '30.8893716, 31.4432628', 160, 170, 230, NULL, 'FALSE', NULL, NULL, 'دبابه', 'زبون', NULL, '', '', NULL, NULL, 0),
('B0253', 'مستعمل', 70, 'IBC', '2020', 1, 1, 0, 10, 'ألومنيوم', NULL, 'فايبر', 'FALSE', '30.8893187, 31.4433167', 160, 170, 230, NULL, 'FALSE', NULL, NULL, 'دبابه', NULL, NULL, '1500', '2300', NULL, NULL, 0),
('B0247', 'كرفان', 50, NULL, '2010', 0, 1, 0, 10, NULL, NULL, NULL, 'FALSE', '30.8887818, 31.4430043', 190, 190, 310, NULL, 'FALSE', NULL, NULL, 'تلت', 'جواه فايبر', NULL, '', '', NULL, NULL, 0),
('B0240', 'كرفان', 70, 'IBC', '2010', 2, 1, 0, 10, 'ألومنيوم', 'ألومنيوم', 'صاج', 'FALSE', '30.8895485, 31.4430836', 160, 166, 230, NULL, 'TRUE', 'تجميع', NULL, 'دبابه', NULL, NULL, '1000', '1500', NULL, NULL, 0),
('B0248', 'كرفان', 70, NULL, '2010', 0, 2, 2, 10, NULL, NULL, 'فايبر', 'FALSE', '30.8889762, 31.4431176', 190, 190, 310, NULL, 'FALSE', NULL, NULL, 'تلت', 'خرده', NULL, '', '', NULL, NULL, 0),
('B0250', 'كرفان', 70, NULL, '2010', 0, 0, 0, 10, NULL, NULL, 'فايبر', 'FALSE', '30.8889, 31.443365', 190, 190, 310, NULL, 'FALSE', NULL, NULL, 'تلت', 'خرده', NULL, '', '', NULL, NULL, 0),
('B0249', 'كرفان', 70, 'IBC', '2010', 1, 1, 0, 10, 'ألومنيوم', NULL, 'فايبر', 'FALSE', '30.8888691, 31.443018', 160, 170, 230, NULL, 'FALSE', NULL, NULL, 'دبابه', NULL, NULL, '1000', '1700', NULL, NULL, 0),
('B0286', 'كرفان', 70, 'دلتا فوم', '2013', 2, 1, 0, 10, 'ألومنيوم', 'ألومنيوم', 'فايبر', 'FALSE', '30.8893564, 31.4430392', 190, 210, 440, 'U0085', 'FALSE', NULL, NULL, 'جامبو', 'طبلية شركة', NULL, '1500', '3500', NULL, NULL, 0),
('B0252', 'كرفان', 70, NULL, '2010', 1, 1, 0, 10, 'آخر', 'ستانليس', 'فايبر', 'FALSE', '30.8887735, 31.4430158', 144, 163, 230, NULL, 'FALSE', NULL, NULL, 'باليتات', NULL, NULL, '500', '1000', NULL, NULL, 0),
('B0258', 'مستعمل', 75, 'كايرو فوم', '2015', 2, 1, 1, 10, 'ألومنيوم', 'ستانليس', 'فايبر', 'FALSE', '30.8890064, 31.4433058', 200, 210, 440, NULL, 'FALSE', NULL, NULL, 'جامبو', NULL, NULL, '3000', '5500', NULL, NULL, 0),
('B0265', 'مستعمل', 80, 'ريفتراك', '2017', 2, 0, 0, 10, 'فايبر', 'ستانليس', 'صاج', 'FALSE', '30.8891043, 31.4432963', 145, 170, 230, 'U0086', 'FALSE', NULL, NULL, 'دبابه', 'سمك_جدران مجرى ألومنيوم', NULL, '5500', '7500', NULL, NULL, 0),
('B0260', 'مستعمل', 70, 'تجميع', '2017', 2, 1, 0, 10, 'ألومنيوم', NULL, 'فايبر', 'FALSE', '30.8890139, 31.4430059', 160, 170, 230, NULL, 'FALSE', NULL, NULL, 'دبابه', NULL, NULL, '2000', '3300', NULL, NULL, 0),
('B0262', 'كسر زيرو', 90, 'إستيراد', '2018', 2, 0, 0, 10, 'فايبر', 'ستانليس', 'فايبر', 'TRUE', '30.8888214, 31.4430413', 280, 260, 750, NULL, 'FALSE', NULL, NULL, 'نقل', NULL, NULL, '5000', '13000', NULL, NULL, 0),
('B0261', 'كسر زيرو', 90, 'إستيراد', '2018', 2, 0, 0, 10, 'فايبر', 'ألومنيوم', 'فايبر', 'FALSE', '30.8889482, 31.4429198', 280, 258, 750, 'U0087', 'FALSE', NULL, NULL, 'نقل', NULL, NULL, '8500', '17000', NULL, NULL, 0);
INSERT INTO `sheet_boxs` (`B_ID`, `Status Type`, `Percentage`, `Company`, `Model`, `Behind Door`, `Right Side`, `Left Side`, `Thickness`, `Angle Type`, `Frame Type`, `Box Floor Type`, `Chassis`, `Location`, `Height`, `Width`, `Length`, `U_ID`, `Palamma Y or N`, `Palamma Type`, `Image`, `Box name`, `Notes`, `Entry date`, `Buying Price`, `Selling Price`, `Color`, `Type`, `spending`) VALUES
('B0264', 'مستعمل', 80, 'كايرو فوم', '2017', 2, 1, 0, 10, 'ألومنيوم', 'ألومنيوم', 'فايبر', 'FALSE', '30.8886451, 31.4429535', 200, 218, 445, NULL, 'FALSE', NULL, NULL, 'جامبو', 'طبلية مكردنة', NULL, '3300', '5500', NULL, NULL, 0),
('B0267', 'مستعمل', 75, 'إستيراد', '2018', 2, 0, 0, 10, 'ألومنيوم', 'ستانليس', 'فايبر', 'TRUE', '30.8887815, 31.4432634', 254, 260, 760, 'U0088', 'FALSE', NULL, NULL, 'نقل', 'chereau_شراكة', NULL, '2300', '10000', NULL, NULL, 0),
('B0268', 'مستعمل', 75, 'ريفتراك', '2017', 2, 2, 0, 10, 'ألومنيوم', NULL, 'فايبر', 'TRUE', '30.8886355, 31.4430084', 200, 220, 440, NULL, 'FALSE', NULL, NULL, 'جامبو', NULL, NULL, '3000', NULL, NULL, NULL, 0),
('B0287', 'مستعمل', 75, 'ريفتراك', '2017', 2, 1, 0, 10, 'فايبر', NULL, 'فايبر', 'FALSE', '30.8886991, 31.443142', 200, 220, 440, NULL, 'FALSE', NULL, NULL, 'جامبو', NULL, NULL, '5000', '7500', NULL, NULL, 0),
('B0269', 'مستعمل', 80, 'ريفتراك', '2017', 2, 0, 0, 10, 'فايبر', 'ألومنيوم', 'فايبر', 'TRUE', '30.8886934, 31.442911', 265, 260, 750, 'U0089', 'FALSE', NULL, NULL, 'نقل', 'شراكة', NULL, '4500', '23000', NULL, NULL, 0),
('B0270', 'كسر زيرو', 90, 'إستيراد', '2018', 2, 0, 0, 10, 'فايبر', 'ألومنيوم', 'فايبر', 'TRUE', '30.8886274, 31.4428295', 280, 260, 750, NULL, 'FALSE', NULL, NULL, 'نقل', NULL, NULL, '5000', '13000', NULL, NULL, 0),
('B0271', 'مستعمل', 80, 'ريفتراك', '2018', 2, 1, 0, 10, 'ألومنيوم', NULL, 'فايبر', 'TRUE', '30.8889395, 31.4431461', 230, 225, 555, NULL, 'FALSE', NULL, NULL, 'جامبو', '٦م', NULL, '5800', '8500', NULL, NULL, 0),
('B0226', 'مستعمل', 80, 'ريفتراك', '2013', 2, 1, 0, 10, 'ألومنيوم', NULL, 'فايبر', 'TRUE', '30.8889169, 31.4426819', 215, 220, 440, NULL, 'FALSE', NULL, NULL, 'جامبو', NULL, NULL, '3500', '6500', NULL, NULL, 0),
('B0225', 'مستعمل', 80, 'العالمية', '2017', 2, 1, 1, 10, 'ألومنيوم', 'ألومنيوم', 'فايبر', 'FALSE', '30.8887616, 31.4427374', 230, 210, 440, NULL, 'FALSE', NULL, NULL, 'جامبو', 'شراكة عادل خليفة_طبلية مكردنة', NULL, '', '7500', NULL, NULL, 0),
('B0224', 'مستعمل', 80, 'تجميع', '2015', 2, 0, 0, 10, 'ألومنيوم', 'ستانليس', 'فايبر', 'FALSE', '30.8889342, 31.4426744', 150, 165, 230, NULL, 'FALSE', NULL, NULL, 'دبابه', NULL, NULL, '1500', '2000', NULL, NULL, 0),
('B0227', 'مستعمل', 80, 'ريفتراك', '2017', 2, 1, 0, 10, 'ألومنيوم', NULL, 'فايبر', 'TRUE', 'معرض حماده عطيه', 230, 220, 440, NULL, 'FALSE', NULL, NULL, 'جامبو', NULL, NULL, '6300', '9000', NULL, NULL, 0),
('B0230', 'مستعمل', 85, 'IBC', '2017', 0, 2, 2, 10, 'ألومنيوم', NULL, 'فايبر', 'TRUE', '30.8887922, 31.4425637', 190, 190, 310, 'U0090', 'FALSE', NULL, NULL, 'باليتات', 'طبلية شركة', NULL, '3500', '7000', NULL, NULL, 0),
('B0229', 'مستعمل', 85, 'ريفتراك', '2017', 2, 1, 1, 5, 'ألومنيوم', 'فايبر', 'فايبر', 'TRUE', '30.8888471, 31.442742', 190, 190, 310, NULL, 'FALSE', NULL, NULL, 'تلت', NULL, NULL, '2400', '3500', NULL, NULL, 0),
('B0232', 'مستعمل', 85, 'أورجينال', '2017', 1, 0, 0, 5, 'ألومنيوم', NULL, 'فايبر', 'FALSE', '30.8887618, 31.4425121', 150, 135, 190, NULL, 'TRUE', 'تجميع', NULL, 'سوزوكى', NULL, NULL, '900', '1700', NULL, NULL, 0),
('B0231', 'مستعمل', 85, 'ريفتراك', '2017', 0, 1, 1, 10, 'ألومنيوم', NULL, 'فايبر', 'FALSE', '30.8887799, 31.4425738', 160, 170, 230, 'U0091', 'FALSE', NULL, NULL, 'باليتات', NULL, NULL, '5000', '7500', NULL, NULL, 0),
('B0282', 'مستعمل', 70, 'تجميع', '2017', 1, 1, 0, 10, 'ألومنيوم', NULL, 'فايبر', 'FALSE', '30.8893434, 31.4428485', 160, 170, 230, 'U0060', 'FALSE', NULL, NULL, 'باليتات', 'زبون', NULL, '', '', NULL, NULL, 0),
('B0288', 'كسر زيرو', 90, 'كايرو فوم', '2018', 2, 1, 0, 10, 'ألومنيوم', 'ألومنيوم', 'فايبر', 'FALSE', '30.8889517, 31.4426433', 160, 170, 230, 'U0092', 'FALSE', NULL, NULL, 'دبابه', NULL, NULL, '4500', '5500', NULL, NULL, 0),
('B0289', 'زيرو', 100, 'نيو بانل', '2022', 2, 0, 0, 10, 'ألومنيوم', NULL, 'فايبر', 'FALSE', '30.8887156, 31.4423098', 160, 170, 230, NULL, 'FALSE', NULL, NULL, 'دبابه', NULL, NULL, '3000', '4800', NULL, NULL, 0),
('B0290', 'زيرو', 100, 'نيو بانل', '2022', 2, 0, 0, 10, 'ألومنيوم', NULL, 'فايبر', 'FALSE', '30.888737, 31.4424757', 160, 170, 230, NULL, 'FALSE', NULL, NULL, 'دبابه', NULL, NULL, '3000', '4800', NULL, NULL, 0),
('B0291', 'زيرو', 100, 'نيو بانل', '2022', 2, 0, 0, 10, 'ألومنيوم', NULL, 'فايبر', 'FALSE', '30.8890908, 31.4425341', 160, 170, 230, NULL, 'FALSE', NULL, NULL, 'دبابه', NULL, NULL, '3000', '4800', NULL, NULL, 0),
('B0292', 'زيرو', 100, 'نيو بانل', '2020', 2, 0, 0, 10, 'ألومنيوم', NULL, 'فايبر', 'FALSE', '30.8887994, 31.44227', 160, 170, 230, NULL, 'FALSE', NULL, NULL, 'دبابه', NULL, NULL, '3000', '4800', NULL, NULL, 0),
('B0293', 'زيرو', 100, 'نيو بانل', '2022', 2, 0, 0, 10, 'ألومنيوم', NULL, 'فايبر', 'FALSE', '30.8828, 31.4417483', 160, 170, 230, NULL, 'FALSE', NULL, NULL, 'دبابه', NULL, NULL, '3000', '4800', NULL, NULL, 0),
('B0294', 'زيرو', 100, 'نيو بانل', '2022', 2, 0, 0, 5, 'ألومنيوم', 'ألومنيوم', 'فايبر', 'FALSE', '30.8888758, 31.4422802', 160, 170, 230, NULL, 'TRUE', 'other', NULL, 'دبابه', NULL, NULL, '3500', '4500', NULL, NULL, 0),
('B0296', 'مستعمل', 85, 'IBC', '2017', 2, 1, 0, 10, 'ألومنيوم', 'ستانليس', 'فايبر', 'FALSE', '30.8886993, 31.4426501', 203, 215, 455, NULL, 'FALSE', NULL, NULL, 'جامبو', NULL, NULL, '2500', '5000', NULL, NULL, 0),
('B0298', 'مستعمل', 75, 'ريفتراك', '2017', 2, 1, 1, 10, 'ألومنيوم', NULL, 'فايبر', 'TRUE', '30.8893033, 31.4425063', 200, 194, 325, NULL, 'FALSE', NULL, NULL, 'تلت', 'شيبسى', NULL, '2400', '3500', NULL, NULL, 0),
('B0283', 'كرفان', 70, NULL, '2013', 2, 1, 0, 10, 'ألومنيوم', 'ألومنيوم', 'فايبر', 'FALSE', '30.8891959, 31.4432475', 200, 210, 440, NULL, 'FALSE', NULL, NULL, 'جامبو', NULL, NULL, '300', '1500', NULL, NULL, 0),
('B0299', 'مستعمل', 80, 'IBC', '2017', 2, 0, 0, 10, 'ألومنيوم', 'ألومنيوم', 'فايبر', 'FALSE', '30.8890742, 31.4423703', 160, 165, 230, NULL, 'TRUE', 'تجميع', NULL, 'دبابه', NULL, NULL, '2000', '3000', NULL, NULL, 0),
('B0301', 'مستعمل', 80, 'ريفتراك', '2019', 2, 1, 0, 10, 'فايبر', 'ستانليس', 'فايبر', 'TRUE', '30.8890115, 31.4425641', 196, 226, 465, NULL, 'FALSE', NULL, NULL, 'جامبو', 'سمك', '2023-03-13', '5000', '8500', NULL, NULL, 0),
('B0302', 'كسر زيرو', 90, 'العالمية', '2018', 2, 0, 0, 10, 'ألومنيوم', 'ألومنيوم', 'فايبر', 'FALSE', '30.8894448, 31.4428428', 160, 170, 230, NULL, 'TRUE', 'العالمية', NULL, 'دبابه', NULL, '2023-03-14', '3000', '4000', NULL, NULL, 0),
('B0304', 'كسر زيرو', 90, 'ريفتراك', '2021', 2, 1, 0, 10, 'ألومنيوم', NULL, 'فايبر', 'FALSE', '30.8890531, 31.4430629', 150, 175, 230, 'U0100', 'FALSE', NULL, NULL, 'دبابه', NULL, '2023-03-15', '6500', '8000', NULL, NULL, 0),
('B0305', 'كرفان', 75, 'ريفتراك', '2015', 2, 1, 0, 10, 'فايبر', 'ألومنيوم', 'صاج', 'FALSE', '30.8890622, 31.4432643', 200, 210, 425, NULL, 'FALSE', NULL, NULL, 'جامبو', NULL, '2023-03-19', '1000', '2000', NULL, NULL, 0),
('B0307', 'كسر زيرو', 95, 'دلتا فوم', '2020', 2, 0, 0, 5, 'ألومنيوم', 'ألومنيوم', 'فايبر', 'FALSE', '30.8889837, 31.4426393', 160, 170, 230, NULL, 'TRUE', 'ريفتراك', NULL, 'دبابه', 'مسترجع رقم B0233', '2023-03-22', '3500', '4300', NULL, NULL, 0),
('B0308', 'كسر زيرو', 85, 'ريفتراك', '2018', 2, 1, 0, 10, 'فايبر', 'ستانليس', 'فايبر', 'FALSE', '30.888852, 31.4425801', 210, 230, 460, NULL, 'FALSE', NULL, NULL, 'جامبو', 'جدران دعامات ألومنيوم - سمك', '2023-03-23', '8500', NULL, NULL, NULL, 0),
('B0309', 'كسر زيرو', 90, 'الهداية', '2020', 2, 0, 0, 10, 'ألومنيوم', 'ستانليس', 'فايبر', 'FALSE', '30.8892441, 31.442562', 160, 170, 230, 'U0114', 'FALSE', NULL, NULL, 'دبابه', 'طبليه IB0083', '2023-03-27', '5900', '8500', NULL, NULL, 0),
('B0310', 'كسر زيرو', 95, 'ريفتراك', '2023', 2, 1, 0, 10, 'ألومنيوم', NULL, 'فايبر', 'TRUE', '30.8891297, 31.4426552', 200, 220, 440, NULL, 'FALSE', NULL, NULL, 'جامبو', 'شده كامله', '2023-03-27', '10000', '14500', NULL, NULL, 0),
('B0311', 'كسر زيرو', 90, 'ريفتراك', '2020', 2, 1, 0, 10, 'ألومنيوم', NULL, 'فايبر', 'TRUE', '30.8891712, 31.4427385', 160, 170, 230, 'U0097', 'TRUE', 'ريفتراك', NULL, 'دبابه', NULL, '2023-04-01', '8300', '9500', NULL, NULL, 0),
('B0312', 'مستعمل', 85, 'ريفتراك', '2020', 2, 1, 0, 10, 'ألومنيوم', NULL, 'فايبر', 'TRUE', '30.889181, 31.4428357', 210, 225, 440, NULL, 'FALSE', NULL, NULL, 'جامبو', 'هوا B0216', '2023-04-03', '85000', '90000', NULL, NULL, 0),
('IB0002', 'الزيرو', 100, 'دكرنس', '2023', 2, 1, 0, NULL, NULL, NULL, NULL, NULL, '30.8884911, 31.4430004', 170, NULL, NULL, NULL, NULL, NULL, NULL, NULL, NULL, '15/03/2023', '1950', '2400', 'أبيض', 'مغلق', 0),
('IB0005', 'كسر زيرو', 90, 'مصرى', '2022', 0, 0, 0, NULL, NULL, NULL, NULL, NULL, '30.888528, 31.4428715', 0, NULL, NULL, NULL, NULL, NULL, NULL, 'دبابه', NULL, '15/03/2023', '800', '900', 'أبيض', 'مفتوح', 0),
('IB0006', 'مستعمل', 75, 'ديماكس', '2014', 0, 0, 0, NULL, NULL, NULL, NULL, NULL, '30.8884794, 31.4429334', 0, NULL, NULL, NULL, NULL, NULL, NULL, 'دبابه', NULL, '15/03/2023', '1500', '2500', 'أبيض', 'مفتوح', 0),
('IB0004', 'مستعمل', 80, 'السنبلاوين', '2014', 2, 0, 0, NULL, NULL, NULL, NULL, NULL, '30.8886991, 31.4428676', 180, NULL, NULL, NULL, NULL, NULL, NULL, 'دبابه', NULL, '15/03/2023', '1300', '1700', 'أبيض', 'مغلق', 0),
('IB0049', 'مستعمل', 80, 'إستيراد', '2018', 2, 0, 0, NULL, NULL, NULL, NULL, NULL, '30.88867, 31.442955', 250, NULL, NULL, NULL, NULL, NULL, NULL, 'نقل', 'طوله 7,5م', '15/03/2023', '4000', '9500', 'أبيض', 'مغلق', 0),
('IB0012', 'الزيرو', 100, 'دكرنس', '2023', 2, 1, 0, NULL, NULL, NULL, NULL, NULL, '30.888654, 31.4430207', 170, NULL, NULL, NULL, NULL, NULL, NULL, 'دبابه', NULL, '16/03/2023', '1900', '2500', 'أبيض', 'مغلق', 0),
('IB0013', 'الزيرو', 100, 'دكرنس', '2014.2023', 2, 1, 0, NULL, NULL, NULL, NULL, NULL, '30.8887617, 31.4438333', 170, NULL, NULL, NULL, NULL, NULL, NULL, 'دبابه', NULL, '16/03/2023', '1900', '2500', 'أبيض', 'مغلق', 0),
('IB0007', 'الزيرو', 100, 'منصور', '2014', 0, 0, 0, NULL, NULL, NULL, NULL, NULL, '30.8886167, 31.4428633', 0, NULL, NULL, NULL, NULL, NULL, NULL, 'دبابه', NULL, '16/03/2023', '625', '1000', 'أبيض', 'مفتوح', 0),
('IB0008', 'الزيرو', 100, 'منصور', '2014', 0, 0, 0, NULL, NULL, NULL, NULL, NULL, '30.8885903, 31.4431887', NULL, NULL, NULL, NULL, NULL, NULL, NULL, 'دبابه', NULL, '16/03/2023', '625', '1000', 'أبيض', 'مفتوح', 0),
('IB0011', 'مستعمل', 85, 'دكرنس', '2014', 2, 0, 0, NULL, NULL, NULL, NULL, NULL, '30.8885883, 31.4431467', 150, NULL, NULL, NULL, NULL, NULL, NULL, 'دبابه', NULL, '16/03/2023', '1300', '1700', 'أحمر', 'مغلق', 0),
('IB0015', 'الزيرو', 100, 'منصور', '2014', 0, 0, 0, NULL, NULL, NULL, NULL, NULL, '30.8884994, 31.4428885', NULL, NULL, NULL, NULL, NULL, NULL, NULL, 'دبابه', NULL, '16/03/2023', '700', '1400', 'أحمر', 'مفتوح', 0),
('IB0014', 'مستعمل', 75, 'جديلة', '2014', 1, 0, 0, NULL, NULL, NULL, NULL, NULL, '30.888665, 31.44294', 170, NULL, NULL, NULL, NULL, NULL, NULL, 'فراخ', NULL, '16/03/2023', '800', '1800', 'أبيض', 'مغلق', 0),
('IB0018', 'مستعمل', 70, 'منصور', '2022', 0, 0, 0, NULL, NULL, NULL, NULL, NULL, '30.8887065, 31.4431009', NULL, NULL, NULL, NULL, NULL, NULL, NULL, 'دبابه', NULL, '16/03/2023', '300', '600', 'أحمر', 'مفتوح', 0),
('IB0019', 'مستعمل', 70, 'منصور', '2022', 0, 0, 0, NULL, NULL, NULL, NULL, NULL, '30.8887744, 31.4432584', 0, NULL, NULL, NULL, NULL, NULL, NULL, 'دبابه', NULL, '16/03/2023', '300', '600', 'أحمر', 'مفتوح', 0),
('IB0017', 'مستعمل', 85, 'دكرنس', '2022', 2, 0, 0, NULL, NULL, NULL, NULL, NULL, '30.8888533, 31.4431083', 205, NULL, NULL, NULL, NULL, NULL, NULL, 'جامبو', 'زاوية ألومنيوم- بالداخل أرفف', '16/03/2023', '3000', '5000', 'أحمر', 'مغلق', 0),
('IB0020', 'مستعمل', 75, 'منصور', '2022', 0, 0, 0, NULL, NULL, NULL, NULL, NULL, '30.888836, 31.4432875', NULL, NULL, NULL, NULL, NULL, NULL, NULL, 'دبابه', NULL, '16/03/2023', '300', '650', 'أبيض', 'مفتوح', 0),
('IB0021', 'مستعمل', 80, 'D-max', '2022', 0, 0, 0, NULL, NULL, NULL, NULL, NULL, '30.8888243, 31.4431581', NULL, NULL, NULL, NULL, NULL, NULL, NULL, 'دبابه', NULL, '16/03/2023', '1500', '2000', 'أبيض', 'مفتوح', 0),
('IB0037', 'مستعمل', 70, 'الطحان', '2014', 2, 1, 0, NULL, NULL, NULL, NULL, NULL, '30.8889783, 31.4430199', 195, NULL, NULL, NULL, NULL, NULL, NULL, 'جامبو', 'مصرى', '16/03/2023', '1700', '3000', 'أبيض', 'مغلق', 0),
('IB0036', 'مستعمل', 90, 'حسن تامر ٦ أكتوبر', '2022', 2, 1, 0, NULL, NULL, NULL, NULL, NULL, '30.8886635, 31.4432178', 205, NULL, NULL, NULL, NULL, NULL, NULL, 'جامبو', 'كريستاله - مصرى', '16/03/2023', '2300', '4200', 'أبيض', 'مغلق', 0),
('IB0016', 'مستعمل', 70, 'منصور', '2022', 0, 0, 0, NULL, NULL, NULL, NULL, NULL, '30.888846, 31.4430742', NULL, NULL, NULL, NULL, NULL, NULL, NULL, 'دبابه', NULL, '16/03/2023', '400', '550', 'أبيض', 'مفتوح', 0),
('IB0032', 'مستعمل', 80, 'دمياطى', '2020', 2, 0, 0, NULL, NULL, NULL, NULL, NULL, '30.8888487, 31.4431275', 250, NULL, NULL, NULL, NULL, NULL, NULL, 'جامبو', 'مصرى', '16/03/2023', '3500', '5000', 'أحمر', 'مغلق', 0),
('IB0031', 'كسر زيرو', 85, 'الهدايه', '2020', 2, 0, 0, NULL, NULL, NULL, NULL, NULL, '30.8886618, 31.4432955', 220, NULL, NULL, NULL, NULL, NULL, NULL, 'جامبو', 'كريستاله - مصرى', '16/03/2023', '3500', '6000', 'أبيض', 'مغلق', 0),
('IB0030', 'مستعمل', 75, 'منصور', '2014', NULL, 0, 0, NULL, NULL, NULL, NULL, NULL, '30.8884417, 31.443255', NULL, NULL, NULL, NULL, NULL, NULL, NULL, 'دبابه', NULL, '16/03/2023', '350', '650', 'أحمر', 'مفتوح', 0),
('IB0034', 'مستعمل', 80, 'دكرنس', '2020', 2, 1, 1, NULL, NULL, NULL, NULL, NULL, '30.8889639, 31.4434711', 250, NULL, NULL, NULL, NULL, NULL, NULL, 'جامبو ٦٠٠٠', 'مصرى', '16/03/2023', '4300', '6500', 'أبيض', 'مغلق', 0),
('IB0033', 'مستعمل', 75, 'دكرنس', '2020', 2, 1, 1, NULL, NULL, NULL, NULL, NULL, '30.8887252, 31.4431916', 230, NULL, NULL, NULL, NULL, NULL, NULL, 'جامبو ٦٠٠٠', 'مصرى', '16/03/2023', '', '6500', 'أبيض', 'مغلق', 0),
('IB0045', 'مستعمل', 75, 'أورجينال', '2017', 2, 1, 0, NULL, NULL, NULL, NULL, NULL, '30.8888144, 31.4431747', 210, NULL, NULL, NULL, NULL, NULL, NULL, 'جامبو', 'إستيراد', '16/03/2023', '2000', '3400', 'أبيض', 'مغلق', 0),
('IB0043', 'مستعمل', 80, 'الطحان', '2017', 2, 1, 0, NULL, NULL, NULL, NULL, NULL, '30.8887778, 31.4430261', 220, NULL, NULL, NULL, NULL, NULL, NULL, 'جامبو', 'مصرى', '16/03/2023', '2000', '3800', 'أبيض', 'مغلق', 0),
('IB0044', 'مستعمل', 75, 'الطحان', '2016', 2, 2, 0, NULL, NULL, NULL, NULL, NULL, '30.8888218, 31.4432584', 190, NULL, NULL, NULL, NULL, NULL, NULL, 'جامبو', 'مصرى', '16/03/2023', '1700', '3500', 'أبيض', 'مغلق', 0),
('IB0041', 'الزيرو', 100, 'دكرنس', '2023', 2, 1, 1, NULL, NULL, NULL, NULL, NULL, '30.8884637, 31.4430642', 190, NULL, NULL, NULL, NULL, NULL, NULL, 'جامبو', 'مصرى', '16/03/2023', '3500', '4500', 'أبيض', 'مغلق', 0),
('IB0026', 'مستعمل', 75, 'السنبلاوين', '2014', 1, 2, 2, NULL, NULL, NULL, NULL, NULL, '30.8886499, 31.4431846', 170, NULL, NULL, NULL, NULL, NULL, NULL, 'دبابه', 'خاص أبو سلمى', '16/03/2023', '', '', 'أبيض', 'مغلق', 0),
('IB0027', 'الزيرو', 100, 'منصور', '2023', NULL, 0, 0, NULL, NULL, NULL, NULL, NULL, '30.8885502, 31.4431159', NULL, NULL, NULL, NULL, NULL, NULL, NULL, 'دبابه', NULL, '16/03/2023', '600', '1000', 'أبيض', 'مفتوح', 0),
('IB0028', 'مستعمل', 85, 'السنبلاوين', '2020', 2, 1, 0, NULL, NULL, NULL, NULL, NULL, '30.8883793, 31.4431281', 150, NULL, NULL, NULL, NULL, NULL, NULL, 'دبابه', NULL, '16/03/2023', '800', '1400', 'أبيض', 'مغلق', 0),
('IB0029', 'مستعمل', 70, 'منصور', '2014', 0, 0, 0, NULL, NULL, NULL, NULL, NULL, '30.8886051, 31.4431034', NULL, NULL, NULL, NULL, NULL, NULL, NULL, 'دبابه', NULL, '16/03/2023', '500', '700', 'أحمر', 'مفتوح', 0),
('IB0042', 'مستعمل', 70, 'منصور', '2014', NULL, 0, 0, NULL, NULL, NULL, NULL, NULL, '30.8888351, 31.4430404', NULL, NULL, NULL, NULL, NULL, NULL, NULL, 'دبابه', NULL, '16/03/2023', '400', '550', 'أحمر', 'مفتوح', 0),
('IB0046', 'مستعمل', 80, 'الطحان', '2020', 2, 0, 0, NULL, NULL, NULL, NULL, NULL, '30.8886825, 31.443238', 140, NULL, NULL, NULL, NULL, NULL, NULL, 'دبابه', NULL, '16/03/2023', '800', '1300', 'أبيض', 'مغلق', 0),
('IB0047', 'الزيرو', 100, 'منصور', '2023', NULL, 0, 0, NULL, NULL, NULL, NULL, NULL, '30.8887451, 31.4433338', NULL, NULL, NULL, NULL, NULL, NULL, NULL, 'دبابه', NULL, '16/03/2023', '650', '1000', 'أبيض', 'مفتوح', 0),
('IB0025', 'مستعمل', 90, 'D-max', '2006', NULL, 0, 0, NULL, NULL, NULL, NULL, NULL, '30.8887451, 31.4433338', NULL, NULL, NULL, NULL, NULL, NULL, NULL, 'دبابه', 'عبدالرحيم سلام', '16/03/2023', '', '1000', 'أزرق', 'مفتوح', 0),
('IB0024', 'الزيرو', 100, 'منصور', '2023', NULL, 0, 0, NULL, NULL, NULL, NULL, NULL, '30.8888739, 31.44325', NULL, NULL, NULL, NULL, NULL, NULL, NULL, 'دبابه', NULL, '16/03/2023', '625', '1000', 'أبيض', 'مفتوح', 0),
('IB0023', 'الزيرو', 100, 'منصور', '2023', NULL, 0, 0, NULL, NULL, NULL, NULL, NULL, '30.8889966, 31.4432974', NULL, NULL, NULL, NULL, NULL, NULL, NULL, 'دبابه', NULL, '16/03/2023', '625', '1000', 'أبيض', 'مفتوح', 0),
('IB0048', 'كسر زيرو', 90, 'إيدكو', '2020', NULL, 0, 0, NULL, NULL, NULL, NULL, NULL, '30.8885239, 31.4429785', NULL, NULL, NULL, NULL, NULL, NULL, NULL, 'جامبو', 'مصرى', '16/03/2023', '7000', '7500', 'أحمر', 'مفتوح', 0),
('IB0040', 'مستعمل', 75, 'دمياطى', '2015', 2, 0, 0, NULL, NULL, NULL, NULL, NULL, '30.8888492, 31.4435636', 260, NULL, NULL, NULL, NULL, NULL, NULL, 'جامبو', 'مصرى', '16/03/2023', '2200', '3500', 'أبيض', 'مغلق', 0),
('IB0039', 'مستعمل', 75, 'منصور', '2014', NULL, 0, 0, NULL, NULL, NULL, NULL, NULL, '30.8890326, 31.4432756', NULL, NULL, NULL, NULL, NULL, NULL, NULL, 'دبابه', NULL, '16/03/2023', '450', '600', 'أحمر', 'مفتوح', 0),
('IB0038', 'مستعمل', 75, 'منصور', '2014', NULL, 0, 0, NULL, NULL, NULL, NULL, NULL, '30.8890326, 31.4432756', NULL, NULL, NULL, NULL, NULL, NULL, NULL, 'دبابه', NULL, '16/03/2023', '350', '550', 'أبيض', 'مفتوح', 0),
('IB0050', 'كسر زيرو', 95, 'دكرنس', '2020', 2, 1, 0, NULL, NULL, NULL, NULL, NULL, '30.8888421, 31.4434657', 175, NULL, NULL, NULL, NULL, NULL, NULL, 'مفتوح', NULL, '16/03/2023', '1350', '1800', 'أبيض', 'مغلق', 0),
('IB0051', NULL, 65, 'دكرنس', '2010', 2, 0, 0, NULL, NULL, NULL, NULL, NULL, '30.8890749, 31.4431922', 130, NULL, NULL, NULL, NULL, NULL, NULL, 'سوزوكي', 'كرفان', '16/03/2023', '100', '400', 'أحمر', 'مغلق', 0),
('IB0052', 'كرفان', 65, 'D-max', '2010', NULL, 0, 0, NULL, NULL, NULL, NULL, NULL, '30.8884912, 31.4429984', NULL, NULL, NULL, NULL, NULL, NULL, NULL, 'دبابه', NULL, '16/03/2023', '100', '200', 'فضى', 'مفتوح', 0),
('IB0053', 'كرفان', 65, 'الطحان', '2010', 2, 1, 0, NULL, NULL, NULL, NULL, NULL, '30.8889827, 31.4432969', 150, NULL, NULL, NULL, NULL, NULL, NULL, 'دبابه', 'طبلية', '16/03/2023', '400', '700', 'أبيض', 'مغلق', 0),
('IB0054', 'مستعمل', 60, 'منصور', '2012', NULL, 0, 0, NULL, NULL, NULL, NULL, NULL, '30.88921, 31.443115', NULL, NULL, NULL, NULL, NULL, NULL, NULL, 'دبابه', NULL, '16/03/2023', '250', '400', 'أبيض', 'مفتوح', 0),
('IB0066', 'مستعمل', 65, 'السنبلاوين', '2010', 2, 1, 0, NULL, NULL, NULL, NULL, NULL, '30.8885282, 31.4429156', 200, NULL, NULL, NULL, NULL, NULL, NULL, 'جامبو 8000', 'مصرى', '16/03/2023', '1200', '3000', 'أبيض', 'مغلق', 0),
('IB0065', 'كسر زيرو', 90, 'منصور', '2014', NULL, 0, 0, NULL, NULL, NULL, NULL, NULL, '30.8892243, 31.4432326', NULL, NULL, NULL, NULL, NULL, NULL, NULL, 'دبابه', NULL, '16/03/2023', '700', '850', 'أبيض', 'مفتوح', 0),
('IB0055', 'مستعمل', 75, 'جديله', '2015', 2, 0, 0, NULL, NULL, NULL, NULL, NULL, '30.8891979, 31.4433139', 170, NULL, NULL, NULL, NULL, NULL, NULL, 'فراخ', NULL, '16/03/2023', '1200', '1500', 'أبيض', 'مغلق', 0),
('IB0057', 'مستعمل', 70, 'السنبلاوين', '2014', 2, 2, 2, NULL, NULL, NULL, NULL, NULL, '30.8893574, 31.4434048', 160, NULL, NULL, NULL, NULL, NULL, NULL, 'دبابه', NULL, '16/03/2023', '800', '1200', 'أبيض', 'مغلق', 0),
('IB0058', 'مستعمل', 65, 'منصور', '2014', NULL, 0, 0, NULL, NULL, NULL, NULL, NULL, '30.8885085, 31.4431531', NULL, NULL, NULL, NULL, NULL, NULL, NULL, 'دبابه', NULL, '16/03/2023', '250', '350', 'أبيض', 'مفتوح', 0),
('IB0067', 'مستعمل', 65, 'دمياطى', '2014', 2, 0, 0, NULL, NULL, NULL, NULL, NULL, '30.888866, 31.4426487', 265, NULL, NULL, NULL, NULL, NULL, NULL, 'جامبو', NULL, '16/03/2023', '2500', '3500', 'أبيض', 'مغلق', 0),
('IB0068', 'مستعمل', 70, 'منصور', '2013', NULL, 0, 0, NULL, NULL, NULL, NULL, NULL, '30.8893313, 31.4431037', NULL, NULL, NULL, NULL, NULL, NULL, NULL, 'دبابه', NULL, '16/03/2023', '800', '1000', 'أحمر', 'مفتوح', 0),
('IB0061', 'مستعمل', 65, 'كرفان', '2014', 2, 1, 0, NULL, NULL, NULL, NULL, NULL, '30.8884765, 31.4430228', 155, NULL, NULL, NULL, NULL, NULL, NULL, 'دبابه', 'تلبيسه', '16/03/2023', '350', '900', 'أبيض', 'مغلق', 0),
('IB0062', 'مستعمل', 70, 'D-max', '2014', NULL, 0, 0, NULL, NULL, NULL, NULL, NULL, '30.8894733, 31.4432967', NULL, NULL, NULL, NULL, NULL, NULL, NULL, 'دبابه', 'خاص زباين', '16/03/2023', '', '', 'فضى', 'مفتوح', 0),
('IB0063', 'مستعمل', 65, 'D-max', '2014', NULL, 0, 0, NULL, NULL, NULL, NULL, NULL, '30.8891517, 31.4434083', NULL, NULL, NULL, NULL, NULL, NULL, NULL, 'دبابه', 'فجاوي', '16/03/2023', '100', '200', 'أزرق', 'مفتوح', 0),
('IB0064', 'مستعمل', 65, 'مصرى', '2014', NULL, 0, 0, NULL, NULL, NULL, NULL, NULL, '30.889183, 31.4433504', NULL, NULL, NULL, NULL, NULL, NULL, NULL, 'دبابه', 'خاص زباين', '16/03/2023', '', '', 'أبيض', 'مفتوح', 0),
('IB0070', 'مستعمل', 65, 'ورشه', '2010', 2, 0, 0, NULL, NULL, NULL, NULL, NULL, '30.8903332, 31.4441482', 255, NULL, NULL, NULL, NULL, NULL, NULL, 'جامبو', 'ورشه', '16/03/2023', '', '', NULL, 'مغلق', 0),
('IB0071', 'مستعمل', 60, 'الحلوانى', '2014', 2, 0, 0, NULL, NULL, NULL, NULL, NULL, '30.8889736, 31.442661', 170, NULL, NULL, NULL, NULL, NULL, NULL, 'دبابه', NULL, '16/03/2023', '500', '1000', 'أبيض', 'مغلق', 0),
('IB0072', 'كرفان', 68, 'كرفان', '2014', NULL, 0, 0, NULL, NULL, NULL, NULL, NULL, '30.8885719, 31.4429783', NULL, NULL, NULL, NULL, NULL, NULL, NULL, 'دبابه', 'طبليه خرده', '16/03/2023', '200', '300', 'أبيض', 'مفتوح', 0),
('IB0073', 'مستعمل', 65, 'منصور', '2013', 2, 1, 0, NULL, NULL, NULL, NULL, NULL, '30.8893959, 31.4429388', 165, NULL, NULL, NULL, NULL, NULL, NULL, 'دبابه', 'غفير', '18/03/2023', '400', '700', 'أبيض', 'مغلق', 0),
('IB0074', 'مستعمل', 80, 'الطحان', '2014', 2, 0, 0, NULL, NULL, NULL, NULL, NULL, '30.8887453, 31.4433362', 170, NULL, NULL, NULL, NULL, NULL, NULL, 'دبابه', NULL, '18/03/2023', '1150', '1600', 'أبيض', 'مغلق', 0),
('IB0075', 'مستعمل', 80, 'السنبلاوين', '2014', 2, 0, 0, NULL, NULL, NULL, NULL, NULL, '30.8892885, 31.4432847', 150, NULL, NULL, NULL, NULL, NULL, NULL, 'دبابه', 'تلبيسه', '18/03/2023', '500', '900', 'أبيض', 'مغلق', 0),
('IB0076', 'الزيرو', 100, 'منصور', '2023', NULL, 0, 0, NULL, NULL, NULL, NULL, NULL, '30.8885947, 31.4429948', NULL, NULL, NULL, NULL, NULL, NULL, NULL, 'دبابه', NULL, '19/03/2023', '900', '1000', 'أبيض', 'مفتوح', 0),
('IB0077', 'كسر زيرو', 95, 'الدقهليه', '2022', 2, 1, 0, NULL, NULL, NULL, NULL, NULL, '30.8890673, 31.4435555', 225, NULL, NULL, NULL, NULL, NULL, NULL, 'جامبو', NULL, '20/03/2023', '5500', NULL, 'أبيض', 'مغلق', 0),
('IB0079', 'الزيرو', 100, 'دكرنس', '2023', 2, 1, 0, NULL, NULL, NULL, NULL, NULL, '30.8886547, 31.4432068', 170, NULL, NULL, NULL, NULL, NULL, NULL, 'دبابه', NULL, '21/03/2023', '1900', '2500', 'أبيض', 'مغلق', 0),
('IB0080', 'كرفان', 60, 'منصور', '2014', NULL, 0, 0, NULL, NULL, NULL, NULL, NULL, '30.8884164, 31.4431663', NULL, NULL, NULL, NULL, NULL, NULL, NULL, 'دبابه', 'بدون ضلف', '21/03/2023', '100', '200', 'أحمر', 'مفتوح', 0),
('IB0082', 'كسر زيرو', 90, 'السنبلاوين', '2014', 2, 1, 0, NULL, NULL, NULL, NULL, NULL, '30.8887966, 31.4430154', 170, NULL, NULL, NULL, NULL, NULL, NULL, 'دبابه', NULL, '23/03/2023', '1500', '2000', 'أبيض', 'مغلق', 0),
('IB0083', 'كسر زيرو', 90, 'طبليه', '2017', NULL, 0, 0, NULL, NULL, NULL, NULL, NULL, '30.8889783, 31.44261', NULL, NULL, NULL, NULL, NULL, NULL, NULL, 'دبابه', 'طبليه', '27/03/2023', '4000', '5000', 'أبيض', 'طبليه', 0),
('IB0084', 'مستعمل', 70, 'أورجينال', '2014', 2, 1, 0, NULL, NULL, NULL, NULL, NULL, '30.8890247, 31.4434199', 170, NULL, NULL, NULL, NULL, NULL, NULL, 'دبابه', '1002736304', '27/03/2023', '800', '1000', 'أبيض', 'مغلق', 0),
('IB0085', 'كسر زيرو', 90, 'آل حليمه', '2023', 2, 1, 0, NULL, NULL, NULL, NULL, NULL, '30.8885002, 31.4431306', 175, NULL, NULL, NULL, NULL, NULL, NULL, 'دبابه', NULL, '29/03/2023', '1500', '2000', 'أبيض', 'مغلق', 0),
('IB0087', 'الزيرو', 100, 'منصور', '2023', NULL, 0, 0, NULL, NULL, NULL, NULL, NULL, '30.8891, 31.4433183', NULL, NULL, NULL, NULL, NULL, NULL, NULL, 'دبابه', NULL, '30/03/2023', '1200', '1500', 'أحمر', 'مفتوح', 0),
('IB0088', 'كرفان', 65, 'كرفان', '2013', 2, 0, 0, NULL, NULL, NULL, NULL, NULL, '30.8885379, 31.4431252', 230, NULL, NULL, NULL, NULL, NULL, NULL, 'جامبو', 'تبديل مع IΒ0035', '01/04/2023', '1200', NULL, 'أبيض', 'مغلق', 0),
('IB0089', 'مستعمل', 70, 'الدقهليه', '2014', 2, 1, 0, NULL, NULL, NULL, NULL, NULL, '30.8889286, 31.443286', 200, NULL, NULL, NULL, NULL, NULL, NULL, 'دبابه', 'تبديل مع صندوق B0002', '02/04/2023', '900', NULL, 'أبيض', 'مغلق', 0),
('IB0090', 'كسر زيرو', 90, 'منصور', '2014', NULL, 0, 0, NULL, NULL, NULL, NULL, NULL, '30.88842, 31.442978', NULL, NULL, NULL, NULL, NULL, NULL, NULL, 'دبابه', 'تبديل مع صندوق IB00', '2023-04-08', '700', '1000', 'أحمر', 'مغلق', 0);

-- --------------------------------------------------------

--
-- Table structure for table `sheet_units`
--

DROP TABLE IF EXISTS `sheet_units`;
CREATE TABLE IF NOT EXISTS `sheet_units` (
  `U_ID` varchar(5) CHARACTER SET utf8 COLLATE utf8_general_ci DEFAULT NULL,
  `Status Type` varchar(8) DEFAULT NULL,
  `Percentage` int(11) DEFAULT NULL,
  `Company` varchar(18) DEFAULT NULL,
  `Model Number` int(11) DEFAULT NULL,
  `Sarapantena` varchar(12) DEFAULT NULL,
  `Type` varchar(5) DEFAULT NULL,
  `Location` varchar(22) DEFAULT NULL,
  `Image` varchar(10) DEFAULT NULL,
  `Notes` varchar(18) DEFAULT NULL,
  `Has Box` varchar(5) DEFAULT NULL,
  `Entry date` varchar(10) DEFAULT NULL,
  `Buying Price` varchar(5) DEFAULT NULL,
  `Selling Price` int(11) DEFAULT NULL,
  `spending` float NOT NULL DEFAULT '0'
) ENGINE=MyISAM DEFAULT CHARSET=utf8;

--
-- Dumping data for table `sheet_units`
--

INSERT INTO `sheet_units` (`U_ID`, `Status Type`, `Percentage`, `Company`, `Model Number`, `Sarapantena`, `Type`, `Location`, `Image`, `Notes`, `Has Box`, `Entry date`, `Buying Price`, `Selling Price`, `spending`) VALUES
('U0001', 'كسر زيرو', 80, 'هاو سونج', 100, NULL, 'تجميد', '30.88884, 31.4425941', NULL, NULL, 'TRUE', NULL, NULL, NULL, 0),
('U0003', 'كسر زيرو', 70, 'Carrier vento', 300, NULL, NULL, '30.8889496, 31.4426982', NULL, NULL, 'TRUE', NULL, NULL, NULL, 0),
('U0004', 'كسر زيرو', 75, 'ثيرمال ماستر', 500, NULL, 'تبريد', '30.8888033, 31.442442', NULL, '500 F2', 'TRUE', NULL, NULL, NULL, 0),
('U0005', 'كسر زيرو', 85, 'ثيرمال كينج', 100, NULL, NULL, '30.888907, 31.4425786', NULL, NULL, 'TRUE', NULL, NULL, NULL, 0),
('U0006', 'كسر زيرو', 80, 'هاو سونج', 100, NULL, NULL, '30.8889653, 31.4426446', NULL, NULL, 'TRUE', NULL, NULL, NULL, 0),
('U0007', 'كسر زيرو', 65, 'ثيرمال ماستر', 1400, NULL, 'تجميد', '30.8885667, 31.4423317', NULL, NULL, 'TRUE', NULL, NULL, NULL, 0),
('U0008', 'كسر زيرو', 70, 'ثيرمال كينج', 200, NULL, 'تجميد', '30.8891249, 31.4428524', NULL, NULL, 'TRUE', NULL, NULL, NULL, 0),
('U0009', 'كسر زيرو', 70, 'Carrier vento', 200, NULL, 'تبريد', '30.8886952, 31.4428284', NULL, NULL, 'TRUE', NULL, NULL, NULL, 0),
('U0010', 'كسر زيرو', 70, 'carrier xarias150', 150, NULL, 'تجميد', '30.8883413, 31.4425607', NULL, NULL, 'TRUE', NULL, NULL, NULL, 0),
('U0011', 'كسر زيرو', 80, 'أوتو كلاما', NULL, NULL, 'تجميد', '30.8888832, 31.4427298', NULL, 'frosty', 'TRUE', NULL, NULL, NULL, 0),
('U0012', 'كسر زيرو', 80, 'ثيرمال ماستر', 1400, NULL, 'تجميد', '30.8886772, 31.4428913', NULL, NULL, 'TRUE', NULL, NULL, NULL, 0),
('U0013', 'كسر زيرو', 70, 'ثيرمال كينج', NULL, NULL, 'تجميد', '30.8887607, 31.4426893', NULL, NULL, 'TRUE', NULL, NULL, NULL, 0),
('U0014', 'كسر زيرو', 70, 'زانوتى', 20, NULL, 'تبريد', '30.8889639, 31.4426544', NULL, NULL, 'TRUE', NULL, NULL, NULL, 0),
('U0015', 'كسر زيرو', 80, 'Top Cold', 50, NULL, 'تبريد', '30.8886026, 31.442848', NULL, NULL, 'TRUE', NULL, NULL, NULL, 0),
('U0016', 'كسر زيرو', 90, 'Top Cold', 50, NULL, 'تبريد', '30.8888232, 31.4426037', NULL, NULL, 'TRUE', NULL, NULL, NULL, 0),
('U0017', 'كسر زيرو', 90, 'Top Cold', 50, NULL, 'تبريد', '30.8889442, 31.4426019', NULL, NULL, 'TRUE', NULL, NULL, NULL, 0),
('U0018', 'كسر زيرو', 70, 'Delphi', NULL, NULL, 'تبريد', '30.8887611, 31.4422184', NULL, NULL, 'TRUE', NULL, NULL, NULL, 0),
('U0019', 'كسر زيرو', 75, 'Carrier vento', NULL, NULL, 'تبريد', '30.8889497, 31.4426684', NULL, NULL, 'TRUE', NULL, NULL, NULL, 0),
('U0020', 'كسر زيرو', 80, 'هاو سونج', 50, NULL, 'تبريد', '30.8889649, 31.4424301', NULL, NULL, 'TRUE', NULL, NULL, NULL, 0),
('U0022', 'كسر زيرو', 80, 'Carrier dezil', 1150, NULL, 'تجميد', '30.8890173, 31.4425946', NULL, NULL, 'FALSE', NULL, '10000', 18000, 0),
('U0023', 'كسر زيرو', 70, 'Carrier dezil', 250, NULL, 'تجميد', '30.8889469, 31.4426687', NULL, NULL, 'FALSE', NULL, '7500', 12500, 0),
('U0024', 'كسر زيرو', 70, 'Carrier dezil', 250, NULL, 'تجميد', '30.888964, 31.4426822', NULL, NULL, 'FALSE', NULL, '7500', 12500, 0),
('U0025', 'كسر زيرو', 70, 'Carrier dezil', 250, NULL, 'تجميد', '30.8889497, 31.4426557', NULL, NULL, 'FALSE', NULL, '7500', 12500, 0),
('U0026', 'كسر زيرو', 70, 'Carrier dezil', 950, '2 coil منفصل', 'تجميد', '30.8889522, 31.442662', NULL, NULL, 'FALSE', NULL, '1900', 6500, 0),
('U0028', 'كسر زيرو', 90, 'ثيرمال كينج', 800, NULL, 'تجميد', '30.8889556, 31.4426749', NULL, NULL, 'FALSE', NULL, '12000', 25000, 0),
('U0029', 'كسر زيرو', 90, 'Carrier dezil', 950, '2 coil منفصل', 'تجميد', '30.8890779, 31.4426926', NULL, NULL, 'FALSE', NULL, '4000', 7500, 0),
('U0030', 'كسر زيرو', 65, 'Thermo king كهرباء', NULL, NULL, 'تجميد', '30.8889703, 31.4427131', NULL, NULL, 'FALSE', NULL, '1500', 3500, 0),
('U0031', 'كسر زيرو', 70, 'FrigoBlock كهرباء', NULL, NULL, 'تجميد', '30.8890649, 31.4427109', NULL, 'وارد ألمانيا', 'FALSE', NULL, '1350', 2500, 0),
('U0032', 'كسر زيرو', 75, 'ثيرمال كينج', 500, NULL, 'تجميد', '30.8890507, 31.4427959', NULL, 'جامبو ذاتى وكهرباء', 'FALSE', NULL, '3500', 5500, 0),
('U0033', 'كسر زيرو', 75, 'Top Cold', 100, NULL, 'تجميد', '30.8889356, 31.4426097', NULL, NULL, 'TRUE', NULL, NULL, NULL, 0),
('U0034', 'كسر زيرو', 80, 'Top Cold', 100, NULL, 'تجميد', '30.8890029, 31.4427009', NULL, NULL, 'TRUE', NULL, NULL, NULL, 0),
('U0035', 'كسر زيرو', 85, 'أوتو كلاما', NULL, NULL, 'تجميد', '30.889135, 31.4426867', NULL, NULL, 'TRUE', NULL, NULL, NULL, 0),
('U0036', 'كسر زيرو', 80, 'Top Cold', 250, NULL, 'تجميد', '30.8888212, 31.4423177', NULL, NULL, 'TRUE', NULL, NULL, NULL, 0),
('U0038', 'كسر زيرو', 80, 'Lumikko', 90, NULL, 'تجميد', '30.8888564, 31.4427117', NULL, NULL, 'TRUE', NULL, NULL, NULL, 0),
('U0037', 'كسر زيرو', 85, 'أوتو كلاما', NULL, NULL, 'تجميد', '30.8889559, 31.4426623', NULL, NULL, 'TRUE', NULL, '', NULL, 0),
('U0039', 'كسر زيرو', 80, 'Carrier vento', 200, NULL, 'تبريد', '30.8889906, 31.4425521', NULL, NULL, 'TRUE', NULL, '', NULL, 0),
('U0040', 'كسر زيرو', 85, 'Carrier vento', 2019, NULL, 'تبريد', '30.8891025, 31.4428292', NULL, NULL, 'TRUE', NULL, '', NULL, 0),
('U0041', 'كسر زيرو', 85, 'Carrier vento', 200, NULL, 'تبريد', '30.8889824, 31.4427058', NULL, NULL, 'TRUE', NULL, '', NULL, 0),
('U0042', 'كسر زيرو', 80, 'Supper Cool', 200, NULL, 'تجميد', '30.8890192, 31.4426313', NULL, NULL, 'TRUE', NULL, '', NULL, 0),
('U0043', 'كسر زيرو', 80, 'ثيرمال ماستر', 1400, NULL, 'تجميد', '30.8889918, 31.4426251', NULL, NULL, 'TRUE', NULL, '', NULL, 0),
('U0044', 'كسر زيرو', 80, 'كالاما آرت', 5000, NULL, 'تجميد', '30.8889343, 31.4425588', NULL, NULL, 'TRUE', NULL, '', NULL, 0),
('U0046', 'كسر زيرو', 80, 'كالاما آرت', 3000, NULL, 'تجميد', '30.8889337, 31.4426406', NULL, NULL, 'TRUE', NULL, '', NULL, 0),
('U0045', 'كسر زيرو', 85, 'كالاما آرت', 3000, NULL, 'تجميد', '30.8889983, 31.4424867', NULL, NULL, 'TRUE', NULL, '', NULL, 0),
('U0047', 'كسر زيرو', 80, 'Carrier vento', 200, NULL, 'تبريد', '30.88911, 31.4426176', NULL, NULL, 'TRUE', NULL, '', NULL, 0),
('U0048', 'كسر زيرو', 80, 'Top Cold', 50, NULL, 'تبريد', '30.88904, 31.44249', NULL, 'DM-050S', 'TRUE', NULL, NULL, NULL, 0),
('U0050', 'كسر زيرو', 80, 'أوتو كلاما', NULL, NULL, 'تجميد', '30.8892325, 31.4428649', NULL, NULL, 'TRUE', NULL, '', NULL, 0),
('U0052', 'كسر زيرو', 70, 'carrier كهرباء', NULL, NULL, 'تجميد', '30.8890135, 31.4425948', NULL, 'جامبو_باليتات', 'TRUE', NULL, '', NULL, 0),
('U0053', 'كسر زيرو', 80, 'ثيرمال ماستر', 1500, NULL, 'تجميد', '30.8890176, 31.4424968', NULL, NULL, 'TRUE', NULL, '', NULL, 0),
('U0054', 'كسر زيرو', 75, 'زانوتى', 30, NULL, 'تبريد', '30.889017, 31.4426428', NULL, 'جامبو', 'TRUE', NULL, '', NULL, 0),
('U0055', 'كسر زيرو', 75, 'ebasto', NULL, NULL, 'تبريد', '30.8893466, 31.4424682', NULL, NULL, 'TRUE', NULL, '', NULL, 0),
('U0056', 'كسر زيرو', 65, 'كالاما آرت', 2000, NULL, 'تجميد', '30.8893484, 31.4424647', NULL, NULL, 'TRUE', NULL, '', NULL, 0),
('U0057', 'كسر زيرو', 70, 'كالاما آرت', 2000, NULL, 'تبريد', '30.8895543, 31.4426908', NULL, NULL, 'TRUE', NULL, '', NULL, 0),
('U0058', 'كسر زيرو', 65, 'هاو سونج', 50, NULL, 'تبريد', '30.888823, 31.4430948', NULL, NULL, 'TRUE', NULL, '', NULL, 0),
('U0059', 'كسر زيرو', 65, 'باليتات دايزر', NULL, NULL, 'تجميد', '30.8891093, 31.4426324', NULL, 'باليتات', 'TRUE', NULL, '', NULL, 0),
('U0060', 'كسر زيرو', 70, 'ثيرمال ماستر', 500, NULL, 'تبريد', '30.8890167, 31.4430267', NULL, NULL, 'TRUE', '2023-03-20', '', NULL, 0),
('U0061', 'كسر زيرو', 75, 'ثيرمال ماستر', 3000, NULL, 'تجميد', '30.8891662, 31.4425598', NULL, NULL, 'TRUE', NULL, NULL, NULL, 0),
('U0062', 'كسر زيرو', 70, 'ثيرمال ماستر', NULL, NULL, 'تبريد', '30.8889006, 31.4425113', NULL, 'تجميع', 'TRUE', NULL, NULL, NULL, 0),
('U0063', 'كسر زيرو', 65, 'تجميع', NULL, NULL, 'تبريد', '30.8888943, 31.44235', NULL, NULL, 'TRUE', NULL, NULL, NULL, 0),
('U0064', 'كسر زيرو', 65, 'تجميع', NULL, NULL, 'تبريد', '30.8890866, 31.4425179', NULL, NULL, 'TRUE', NULL, NULL, NULL, 0),
('U0065', 'كسر زيرو', 70, 'ثيرمال ماستر', 2500, NULL, 'تجميد', '30.8891364, 31.4425006', NULL, NULL, 'TRUE', NULL, NULL, NULL, 0),
('U0066', 'كسر زيرو', 65, 'إيروفين', NULL, NULL, 'تبريد', '30.8889117, 31.442445', NULL, NULL, 'TRUE', NULL, NULL, NULL, 0),
('U0067', 'كسر زيرو', 75, 'كالاما آرت', 2000, NULL, 'تجميد', '30.8892712, 31.4425403', NULL, NULL, 'TRUE', NULL, NULL, NULL, 0),
('U0068', 'كسر زيرو', 70, 'هاو سونج', 100, NULL, 'تجميد', '30.8893, 31.4426483', NULL, NULL, 'TRUE', NULL, NULL, NULL, 0),
('U0070', 'كسر زيرو', 80, 'ثيرمال كينج', 3000, NULL, 'تجميد', '30.8891388, 31.4427589', NULL, NULL, 'TRUE', NULL, NULL, NULL, 0),
('U0071', 'كسر زيرو', 80, 'carrier xarias150', 350, NULL, 'تجميد', '30.8888781, 31.4424767', NULL, NULL, 'TRUE', NULL, NULL, NULL, 0),
('U0072', 'كسر زيرو', 80, 'Carrier vento', 200, NULL, 'تبريد', '30.8890735, 31.4425281', NULL, NULL, 'TRUE', NULL, NULL, NULL, 0),
('U0073', 'كسر زيرو', 80, 'Carrier vento', 200, NULL, 'تبريد', '30.8891343, 31.4427302', NULL, NULL, 'TRUE', NULL, NULL, NULL, 0),
('U0074', 'كسر زيرو', 80, 'carrier xarias', 150, NULL, 'تجميد', '30.8889883, 31.4426687', NULL, NULL, 'TRUE', NULL, NULL, NULL, 0),
('U0075', 'كسر زيرو', 80, 'هاو سونج', 100, NULL, 'تجميد', '30.8890039, 31.4426026', NULL, NULL, 'TRUE', NULL, NULL, NULL, 0),
('U0077', 'كسر زيرو', 75, 'ثيرمال كينج', 500, NULL, 'تبريد', '30.888918, 31.4426779', NULL, NULL, 'TRUE', NULL, NULL, NULL, 0),
('U0076', 'كسر زيرو', 80, 'هاو سونج', 100, NULL, 'تجميد', '30.8890715, 31.442735', NULL, NULL, 'TRUE', NULL, NULL, NULL, 0),
('U0079', 'كسر زيرو', 75, 'Carrier vento', 200, NULL, 'تبريد', '30.8888849, 31.4425545', NULL, NULL, 'TRUE', NULL, NULL, NULL, 0),
('U0080', 'كسر زيرو', 80, 'ثيرمال ماستر', 1400, NULL, 'تجميد', '30.8888717, 31.44269', NULL, NULL, 'TRUE', NULL, NULL, NULL, 0),
('U0082', 'كسر زيرو', 70, 'Carrier vento', 300, NULL, 'تبريد', '30.8886583, 31.4430116', NULL, NULL, 'TRUE', NULL, NULL, NULL, 0),
('U0083', 'كسر زيرو', 70, 'ثيرمال كينج', 150, NULL, 'تبريد', '30.888865, 31.4428308', NULL, NULL, 'TRUE', NULL, NULL, NULL, 0),
('U0084', 'كسر زيرو', 70, 'euro frigo', NULL, NULL, 'تجميد', '30.8889838, 31.4433557', NULL, NULL, 'TRUE', NULL, NULL, NULL, 0),
('U0085', 'كسر زيرو', 75, 'ثيرمال ماستر', 1400, NULL, 'تجميد', '30.8889798, 31.4426055', NULL, NULL, 'TRUE', NULL, NULL, NULL, 0),
('U0086', 'كسر زيرو', 80, 'ثيرمال ماستر', 1400, NULL, 'تجميد', '30.8889412, 31.4433984', NULL, NULL, 'TRUE', NULL, NULL, NULL, 0),
('U0087', 'كسر زيرو', 80, 'ثيرمال كينج', NULL, NULL, 'تجميد', '30.8887586, 31.442936', NULL, NULL, 'TRUE', NULL, NULL, NULL, 0),
('U0088', 'كسر زيرو', 75, 'ثيرمال كينج', NULL, NULL, 'تجميد', '30.8887965, 31.4433232', NULL, 'بدون وش', 'TRUE', NULL, NULL, NULL, 0),
('U0089', 'كسر زيرو', 80, 'Carrier dezil', 850, NULL, 'تجميد', '30.888541, 31.4429356', NULL, 'supra', 'TRUE', NULL, NULL, NULL, 0),
('U0090', 'كسر زيرو', 70, 'باليتات دايزر', NULL, NULL, 'تجميد', '30.8885975, 31.4428231', NULL, NULL, 'TRUE', NULL, NULL, NULL, 0),
('U0091', 'كسر زيرو', 80, 'باليتات دايزر', NULL, NULL, 'تجميد', '30.8886832, 31.4423485', NULL, NULL, 'TRUE', NULL, NULL, NULL, 0),
('U0092', 'كسر زيرو', 80, 'هاو سونج', 50, NULL, 'تبريد', '30.888933, 31.4426996', NULL, NULL, 'TRUE', NULL, NULL, NULL, 0),
('U0093', 'كسر زيرو', 75, 'Carrier dezil', 1150, NULL, 'تجميد', '30.8890432, 31.4427758', NULL, 'وارد ألمانيا', 'FALSE', NULL, '10000', 18000, 0),
('U0096', 'كسر زيرو', 80, 'carrier كهرباء', 500, NULL, 'تجميد', '30.8890486, 31.4427063', NULL, 'ذاتى', 'FALSE', NULL, '3500', 6000, 0),
('U0094', 'كسر زيرو', 80, 'ثيرمال كينج', 200, NULL, 'تجميد', '30.8888602, 31.442268', NULL, 'إستيراد_MD', 'FALSE', NULL, '4000', 8500, 0),
('U0097', 'كسر زيرو', 85, 'ثيرمال كينج', 250, NULL, 'تجميد', '30.8893293, 31.442481', NULL, NULL, 'TRUE', NULL, NULL, NULL, 0),
('U0098', 'كسر زيرو', 70, 'Carrier', 150, NULL, 'تبريد', '30.8889266, 31.4426588', NULL, 'جامبو', 'FALSE', NULL, '1500', 2300, 0),
('U0101', 'كسر زيرو', 70, 'Carrier', 150, NULL, 'تبريد', '30.8889785, 31.4426827', NULL, 'جامبو', 'FALSE', NULL, '4000', 5000, 0),
('U0103', 'كسر زيرو', 70, 'Top Cold', 50, NULL, 'تبريد', '30.8889662, 31.4426935', NULL, '50s', 'FALSE', NULL, '2000', 3000, 0),
('U0104', 'كسر زيرو', 90, 'ثيرمال ماستر', 1400, NULL, 'تجميد', '30.8889602, 31.442694', NULL, NULL, 'FALSE', NULL, '4000', 5000, 0),
('U0105', 'كسر زيرو', 70, 'كالاما آرت', 2000, NULL, 'تبريد', '30.888835, 31.442565', NULL, NULL, 'FALSE', NULL, '2000', 3000, 0),
('U0108', 'كسر زيرو', 80, 'أوتو كلاما', NULL, NULL, 'تجميد', '30.8890172, 31.4427492', NULL, NULL, 'FALSE', NULL, '2500', 3500, 0),
('U0100', 'كسر زيرو', 90, 'Carrier vento', 200, NULL, 'تبريد', '30.8891172, 31.4429364', NULL, NULL, 'TRUE', NULL, NULL, NULL, 0),
('U0102', 'كسر زيرو', 80, 'Carrier vento', 200, NULL, 'تبريد', '30.8889783, 31.4426879', NULL, 'مخزن١', 'FALSE', '2023-03-18', '1350', 2300, 0),
('U0106', 'كسر زيرو', 80, 'ثيرمال ماستر', 1400, NULL, 'تجميد', '30.888987, 31.4426022', NULL, 'مخزن١', 'FALSE', '2023-03-18', '3500', 4500, 0),
('U0107', 'كسر زيرو', 85, 'إيرو فريج', 404, NULL, 'تجميد', '30.8889822, 31.4426454', NULL, 'مخزن١', 'FALSE', '2023-03-18', '700', 1700, 0),
('U0109', 'كسر زيرو', 85, 'كالاما آرت', 2000, NULL, 'تجميد', '30.8889759, 31.4426502', NULL, 'مخزن١', 'FALSE', '2023-03-18', '1300', 2800, 0),
('U0110', 'كسر زيرو', 90, 'carrier xarias200', 200, NULL, 'تجميد', '30.8889698, 31.442627', NULL, 'مخزن١', 'FALSE', '2023-03-18', '500', 1500, 0),
('U0111', 'كسر زيرو', 90, 'إيرو فريج', 3500, NULL, 'تجميد', '30.88892, 31.4424026', NULL, 'مخزن١', 'FALSE', '2023-03-18', '1000', 2300, 0),
('U0112', 'كسر زيرو', 95, 'Supper Cool', 100, NULL, 'تجميد', '30.888973, 31.4426098', NULL, 'مخزن١', 'TRUE', '2023-03-18', '2000', 3000, 0),
('U0113', 'كسر زيرو', 95, 'ثيرمال ماستر', 1400, NULL, 'تجميد', '30.8890276, 31.4425117', NULL, NULL, 'TRUE', '2023-03-18', NULL, NULL, 0),
('U0114', 'كسر زيرو', 90, 'ثيرمال ماستر', 1400, NULL, 'تجميد', '30.8891013, 31.4425536', NULL, NULL, 'TRUE', '2023-03-27', NULL, NULL, 0),
('U0115', 'كسر زيرو', 85, 'ثيرمال ماستر', 1400, NULL, 'تجميد', '30.8896733, 31.4430033', NULL, 'ورشة الفايبر', 'FALSE', '2023-03-27', '1500', NULL, 0);

-- --------------------------------------------------------

--
-- Table structure for table `unit_selling`
--

DROP TABLE IF EXISTS `unit_selling`;
CREATE TABLE IF NOT EXISTS `unit_selling` (
  `U_ID` varchar(5) CHARACTER SET utf8 COLLATE utf8_general_ci DEFAULT NULL,
  `Status Type` varchar(8) DEFAULT NULL,
  `Percentage` int(11) DEFAULT NULL,
  `Company` varchar(17) DEFAULT NULL,
  `Model Number` int(11) DEFAULT NULL,
  `Sarapantena` varchar(10) DEFAULT NULL,
  `Type` varchar(5) DEFAULT NULL,
  `Location` varchar(22) DEFAULT NULL,
  `Image` varchar(10) DEFAULT NULL,
  `Notes` varchar(13) DEFAULT NULL,
  `Has Box` varchar(5) DEFAULT NULL,
  `Entry date` varchar(10) CHARACTER SET utf8 COLLATE utf8_general_ci DEFAULT NULL,
  `Buying Price` int(11) DEFAULT NULL,
  `Selling Price` int(11) DEFAULT NULL,
  `External date` varchar(10) CHARACTER SET utf8 COLLATE utf8_general_ci DEFAULT NULL,
  `Pofit` int(11) DEFAULT NULL,
  `spending` float NOT NULL DEFAULT '0'
) ENGINE=MyISAM DEFAULT CHARSET=utf8;

--
-- Dumping data for table `unit_selling`
--

INSERT INTO `unit_selling` (`U_ID`, `Status Type`, `Percentage`, `Company`, `Model Number`, `Sarapantena`, `Type`, `Location`, `Image`, `Notes`, `Has Box`, `Entry date`, `Buying Price`, `Selling Price`, `External date`, `Pofit`, `spending`) VALUES
('U0049', 'قديم', 75, 'Carrier vento', 200, NULL, 'تبريد', '30.8890569, 31.4426858', NULL, NULL, 'TRUE', NULL, NULL, NULL, NULL, 0, 0),
('U0002', 'قديم', 80, 'carrier xarias200', 200, NULL, 'تجميد', '30.8886533, 31.4425517', NULL, NULL, 'TRUE', NULL, NULL, NULL, NULL, 0, 0),
('U0081', 'قديم', 80, 'ثيرمال ماستر', 1400, NULL, 'تجميد', '30.8890999, 31.4425793', NULL, NULL, 'TRUE', NULL, NULL, NULL, NULL, 0, 0),
('U0095', 'قديم', 80, 'carrier كهرباء', 500, NULL, 'تجميد', '30.8889372, 31.4425892', NULL, 'ذاتى', 'FALSE', NULL, NULL, NULL, NULL, 0, 0),
('U0078', 'قديم', 80, 'Top Cold', 250, NULL, 'تجميد', '30.8889664, 31.4426755', NULL, NULL, 'TRUE', NULL, NULL, NULL, NULL, 0, 0),
('U0021', 'قديم', 90, 'Top Cold', 250, NULL, 'تجميد', '30.8889095, 31.4426353', NULL, NULL, 'TRUE', NULL, NULL, NULL, NULL, 0, 0),
('U0099', 'قديم', 80, 'Power', 1500, NULL, 'تجميد', '30.889162, 31.4424426', NULL, '1500s', 'TRUE', NULL, NULL, NULL, '2023-03-21', 0, 0),
('U0051', 'قديم', 70, 'carrier كهرباء', NULL, NULL, 'تجميد', '30.8891236, 31.4429197', NULL, 'جامبو_باليتات', 'TRUE', NULL, 0, NULL, '2023-03-25', 0, 0),
('U0069', 'كسر زيرو', 85, 'Top Cold', 250, NULL, 'تجميد', '30.8893739, 31.4425606', NULL, NULL, 'TRUE', NULL, NULL, NULL, '29-3-2023', 0, 0),
('U0116', 'قديم', 90, 'Top Cold', 100, NULL, 'تجميد', '30.8892164, 31.4425995', NULL, '100SP', 'TRUE', '2023/04/01', NULL, NULL, '2023-04-01', 0, 0),
('U0027', 'كسر زيرو', 75, 'Carrier dezil', 250, NULL, 'تجميد', '30.889035, 31.4427197', NULL, NULL, 'FALSE', NULL, 7500, 9500, '2-4-2023', 2000, 0);
COMMIT;

/*!40101 SET CHARACTER_SET_CLIENT=@OLD_CHARACTER_SET_CLIENT */;
/*!40101 SET CHARACTER_SET_RESULTS=@OLD_CHARACTER_SET_RESULTS */;
/*!40101 SET COLLATION_CONNECTION=@OLD_COLLATION_CONNECTION */;
